<?xml version="1.1" encoding="UTF-8"?>

<project i18n.job.generated.documetation="Generated documentation" i18n.job.project.name="Project Name" i18n.job.generated.date="GENERATION DATE" i18n.job.author="AUTHOR" i18n.job.summary="Summary" i18n.job.project.description="Project Description" i18n.job.job.description="Description" i18n.job.job.preview.picture="Preview Picture" i18n.job.job.setting="Settings" i18n.job.context.list="Context List" i18n.job.component.list="Component List" i18n.job.components.description="Components Description" i18n.job.source.code="Source Code" i18n.job.properties="Properties" i18n.job.values="Values" i18n.job.name="Name" i18n.job.language="Language" i18n.job.description="Description" i18n.job.author.min="Author" i18n.job.version="Version" i18n.job.purpose="Purpose" i18n.job.status="Status" i18n.job.creation="Creation" i18n.job.modification="Modification" i18n.job.extract.settings="Extra settings" i18n.job.value="Value" i18n.job.stats.logs="Status &amp; Logs" i18n.job.context="Context" i18n.job.promt="Prompt" i18n.job.need.promt="Need Prompt?" i18n.job.type="Type" i18n.job.source="Source" i18n.job.component.name="Component Name" i18n.job.component.type="Component Type" i18n.job.component="Component" i18n.job.unique.name="UNIQUE NAME" i18n.job.input="INPUT(S)" i18n.job.label="LABEL" i18n.job.output="OUTPUT(S)" i18n.job.component.parameters="Component Parameters:" i18n.job.schema.for="Schema for " i18n.job.column="Column" i18n.job.key="Key" i18n.job.length="Length" i18n.job.precision="Precision" i18n.job.nullable="Nullable" i18n.job.comment="Comment" i18n.job.original.function.parameters="Original Function Parameters:" i18n.job.ended="ended" i18n.job.content="content" i18n.route.manifest.type="Type" i18n.route.manifest.value="Value" i18n.route.resource.name="Name" i18n.route.resource.version="Version" i18n.route.resource.path="Path" name="midterm" logo="pictures/logo.jpg" title="Generated by Talend Cloud Data Fabric" link="http://www.talend.com" language="java" generatedDate="Oct 22, 2023, 5:26:05 PM" versionName="Talend Cloud VERSION " version="8.0.1.20220923_1236-patch" docType="Jobs" company="">
  <pro-description><![CDATA[]]></pro-description>
  <job name="FCT_FoodInspection" author="sandhyan.p@northeastern.edu" i18n.job.extract.settings.type="i18n.job.extract.settings" i18n.job.stats.logs.type="i18n.job.stats.logs" version="0.1" purpose="" status="" creation="Oct 19, 2023, 7:15:16 PM" modification="Oct 22, 2023, 3:52:02 PM">
    <description><![CDATA[<br/>]]></description>
    <preview picture="pictures/FCT_FoodInspection_0.1.png"/>
    <contextList>
      <context name="Default">
        <contextParameter name="MySQL_p_Password" prompt="MySQL_p_Password?" promptNeeded="false" type="id_Password" value="***********" source="MySQL_p"/>
        <contextParameter name="MySQL_p_Database" prompt="MySQL_p_Database?" promptNeeded="false" type="id_String" value="food_inspection" source="MySQL_p"/>
        <contextParameter name="MySQL_p_AdditionalParams" prompt="MySQL_p_AdditionalParams?" promptNeeded="false" type="id_String" value="noDatetimeStringSync=true&amp;enabledTLSProtocols=TLSv1.2,TLSv1.1,TLSv1" source="MySQL_p"/>
        <contextParameter name="MySQL_p_Port" prompt="MySQL_p_Port?" promptNeeded="false" type="id_String" value="3306" source="MySQL_p"/>
        <contextParameter name="MySQL_p_Server" prompt="MySQL_p_Server?" promptNeeded="false" type="id_String" value="localhost" source="MySQL_p"/>
        <contextParameter name="MySQL_p_Login" prompt="MySQL_p_Login?" promptNeeded="false" type="id_String" value="root" source="MySQL_p"/>
        <contextParameter name="MSSQL_p_Port" prompt="MSSQL_p_Port?" promptNeeded="false" type="id_String" value="1433" source="MSSQL_p"/>
        <contextParameter name="MSSQL_p_Schema" prompt="MSSQL_p_Schema?" promptNeeded="false" type="id_String" value="" source="MSSQL_p"/>
        <contextParameter name="MSSQL_p_Database" prompt="MSSQL_p_Database?" promptNeeded="false" type="id_String" value="food_inspection" source="MSSQL_p"/>
        <contextParameter name="MSSQL_p_Password" prompt="MSSQL_p_Password?" promptNeeded="false" type="id_Password" value="***" source="MSSQL_p"/>
        <contextParameter name="MSSQL_p_Server" prompt="MSSQL_p_Server?" promptNeeded="false" type="id_String" value="localhost" source="MSSQL_p"/>
        <contextParameter name="MSSQL_p_Login" prompt="MSSQL_p_Login?" promptNeeded="false" type="id_String" value="localhost" source="MSSQL_p"/>
        <contextParameter name="MSSQL_p_AdditionalParams" prompt="MSSQL_p_AdditionalParams?" promptNeeded="false" type="id_String" value="" source="MSSQL_p"/>
        <contextParameter name="MySQL1_Login" prompt="MySQL1_Login?" promptNeeded="false" type="id_String" value="root" source="MySQL1_New"/>
        <contextParameter name="MySQL1_Port" prompt="MySQL1_Port?" promptNeeded="false" type="id_String" value="3306" source="MySQL1_New"/>
        <contextParameter name="MySQL1_Server" prompt="MySQL1_Server?" promptNeeded="false" type="id_String" value="127.0.0.1" source="MySQL1_New"/>
        <contextParameter name="MySQL1_AdditionalParams" prompt="MySQL1_AdditionalParams?" promptNeeded="false" type="id_String" value="noDatetimeStringSync=true&amp;enabledTLSProtocols=TLSv1.2,TLSv1.1,TLSv1" source="MySQL1_New"/>
        <contextParameter name="MySQL1_Database" prompt="MySQL1_Database?" promptNeeded="false" type="id_String" value="food_inspection" source="MySQL1_New"/>
        <contextParameter name="MySQL1_Password" prompt="MySQL1_Password?" promptNeeded="false" type="id_Password" value="**********" source="MySQL1_New"/>
      </context>
      <context name="Test">
        <contextParameter name="MySQL_p_Password" prompt="MySQL_p_Password?" promptNeeded="false" type="id_Password" value="***********" source="MySQL_p"/>
        <contextParameter name="MySQL_p_Database" prompt="MySQL_p_Database?" promptNeeded="false" type="id_String" value="food_inspection" source="MySQL_p"/>
        <contextParameter name="MySQL_p_AdditionalParams" prompt="MySQL_p_AdditionalParams?" promptNeeded="false" type="id_String" value="noDatetimeStringSync=true&amp;enabledTLSProtocols=TLSv1.2,TLSv1.1,TLSv1" source="MySQL_p"/>
        <contextParameter name="MySQL_p_Port" prompt="MySQL_p_Port?" promptNeeded="false" type="id_String" value="3306" source="MySQL_p"/>
        <contextParameter name="MySQL_p_Server" prompt="MySQL_p_Server?" promptNeeded="false" type="id_String" value="localhost" source="MySQL_p"/>
        <contextParameter name="MySQL_p_Login" prompt="MySQL_p_Login?" promptNeeded="false" type="id_String" value="root" source="MySQL_p"/>
        <contextParameter name="MSSQL_p_Port" prompt="MSSQL_p_Port?" promptNeeded="false" type="id_String" value="1433" source="MSSQL_p"/>
        <contextParameter name="MSSQL_p_Schema" prompt="MSSQL_p_Schema?" promptNeeded="false" type="id_String" value="" source="MSSQL_p"/>
        <contextParameter name="MSSQL_p_Database" prompt="MSSQL_p_Database?" promptNeeded="false" type="id_String" value="food_inspection" source="MSSQL_p"/>
        <contextParameter name="MSSQL_p_Password" prompt="MSSQL_p_Password?" promptNeeded="false" type="id_Password" value="***" source="MSSQL_p"/>
        <contextParameter name="MSSQL_p_Server" prompt="MSSQL_p_Server?" promptNeeded="false" type="id_String" value="localhost" source="MSSQL_p"/>
        <contextParameter name="MSSQL_p_Login" prompt="MSSQL_p_Login?" promptNeeded="false" type="id_String" value="localhost" source="MSSQL_p"/>
        <contextParameter name="MSSQL_p_AdditionalParams" prompt="MSSQL_p_AdditionalParams?" promptNeeded="false" type="id_String" value="" source="MSSQL_p"/>
        <contextParameter name="MySQL1_Login" prompt="MySQL1_Login?" promptNeeded="false" type="id_String" value="root" source="MySQL1_New"/>
        <contextParameter name="MySQL1_Port" prompt="MySQL1_Port?" promptNeeded="false" type="id_String" value="3306" source="MySQL1_New"/>
        <contextParameter name="MySQL1_Server" prompt="MySQL1_Server?" promptNeeded="false" type="id_String" value="127.0.0.1" source="MySQL1_New"/>
        <contextParameter name="MySQL1_AdditionalParams" prompt="MySQL1_AdditionalParams?" promptNeeded="false" type="id_String" value="noDatetimeStringSync=true&amp;enabledTLSProtocols=TLSv1.2,TLSv1.1,TLSv1" source="MySQL1_New"/>
        <contextParameter name="MySQL1_Database" prompt="MySQL1_Database?" promptNeeded="false" type="id_String" value="food_inspection" source="MySQL1_New"/>
        <contextParameter name="MySQL1_Password" prompt="MySQL1_Password?" promptNeeded="false" type="id_Password" value="**********" source="MySQL1_New"/>
      </context>
      <context name="Production">
        <contextParameter name="MySQL_p_Password" prompt="MySQL_p_Password?" promptNeeded="false" type="id_Password" value="***********" source="MySQL_p"/>
        <contextParameter name="MySQL_p_Database" prompt="MySQL_p_Database?" promptNeeded="false" type="id_String" value="food_inspection" source="MySQL_p"/>
        <contextParameter name="MySQL_p_AdditionalParams" prompt="MySQL_p_AdditionalParams?" promptNeeded="false" type="id_String" value="noDatetimeStringSync=true&amp;enabledTLSProtocols=TLSv1.2,TLSv1.1,TLSv1" source="MySQL_p"/>
        <contextParameter name="MySQL_p_Port" prompt="MySQL_p_Port?" promptNeeded="false" type="id_String" value="3306" source="MySQL_p"/>
        <contextParameter name="MySQL_p_Server" prompt="MySQL_p_Server?" promptNeeded="false" type="id_String" value="localhost" source="MySQL_p"/>
        <contextParameter name="MySQL_p_Login" prompt="MySQL_p_Login?" promptNeeded="false" type="id_String" value="root" source="MySQL_p"/>
        <contextParameter name="MSSQL_p_Port" prompt="MSSQL_p_Port?" promptNeeded="false" type="id_String" value="1433" source="MSSQL_p"/>
        <contextParameter name="MSSQL_p_Schema" prompt="MSSQL_p_Schema?" promptNeeded="false" type="id_String" value="" source="MSSQL_p"/>
        <contextParameter name="MSSQL_p_Database" prompt="MSSQL_p_Database?" promptNeeded="false" type="id_String" value="food_inspection" source="MSSQL_p"/>
        <contextParameter name="MSSQL_p_Password" prompt="MSSQL_p_Password?" promptNeeded="false" type="id_Password" value="***" source="MSSQL_p"/>
        <contextParameter name="MSSQL_p_Server" prompt="MSSQL_p_Server?" promptNeeded="false" type="id_String" value="localhost" source="MSSQL_p"/>
        <contextParameter name="MSSQL_p_Login" prompt="MSSQL_p_Login?" promptNeeded="false" type="id_String" value="localhost" source="MSSQL_p"/>
        <contextParameter name="MSSQL_p_AdditionalParams" prompt="MSSQL_p_AdditionalParams?" promptNeeded="false" type="id_String" value="" source="MSSQL_p"/>
        <contextParameter name="MySQL1_Login" prompt="MySQL1_Login?" promptNeeded="false" type="id_String" value="root" source="MySQL1_New"/>
        <contextParameter name="MySQL1_Port" prompt="MySQL1_Port?" promptNeeded="false" type="id_String" value="3306" source="MySQL1_New"/>
        <contextParameter name="MySQL1_Server" prompt="MySQL1_Server?" promptNeeded="false" type="id_String" value="127.0.0.1" source="MySQL1_New"/>
        <contextParameter name="MySQL1_AdditionalParams" prompt="MySQL1_AdditionalParams?" promptNeeded="false" type="id_String" value="noDatetimeStringSync=true&amp;enabledTLSProtocols=TLSv1.2,TLSv1.1,TLSv1" source="MySQL1_New"/>
        <contextParameter name="MySQL1_Database" prompt="MySQL1_Database?" promptNeeded="false" type="id_String" value="food_inspection" source="MySQL1_New"/>
        <contextParameter name="MySQL1_Password" prompt="MySQL1_Password?" promptNeeded="false" type="id_Password" value="**********" source="MySQL1_New"/>
      </context>
      <context name="Development">
        <contextParameter name="MySQL_p_Password" prompt="MySQL_p_Password?" promptNeeded="false" type="id_Password" value="***********" source="MySQL_p"/>
        <contextParameter name="MySQL_p_Database" prompt="MySQL_p_Database?" promptNeeded="false" type="id_String" value="food_inspection" source="MySQL_p"/>
        <contextParameter name="MySQL_p_AdditionalParams" prompt="MySQL_p_AdditionalParams?" promptNeeded="false" type="id_String" value="noDatetimeStringSync=true&amp;enabledTLSProtocols=TLSv1.2,TLSv1.1,TLSv1" source="MySQL_p"/>
        <contextParameter name="MySQL_p_Port" prompt="MySQL_p_Port?" promptNeeded="false" type="id_String" value="3306" source="MySQL_p"/>
        <contextParameter name="MySQL_p_Server" prompt="MySQL_p_Server?" promptNeeded="false" type="id_String" value="localhost" source="MySQL_p"/>
        <contextParameter name="MySQL_p_Login" prompt="MySQL_p_Login?" promptNeeded="false" type="id_String" value="root" source="MySQL_p"/>
        <contextParameter name="MSSQL_p_Port" prompt="MSSQL_p_Port?" promptNeeded="false" type="id_String" value="1433" source="MSSQL_p"/>
        <contextParameter name="MSSQL_p_Schema" prompt="MSSQL_p_Schema?" promptNeeded="false" type="id_String" value="" source="MSSQL_p"/>
        <contextParameter name="MSSQL_p_Database" prompt="MSSQL_p_Database?" promptNeeded="false" type="id_String" value="food_inspection" source="MSSQL_p"/>
        <contextParameter name="MSSQL_p_Password" prompt="MSSQL_p_Password?" promptNeeded="false" type="id_Password" value="***" source="MSSQL_p"/>
        <contextParameter name="MSSQL_p_Server" prompt="MSSQL_p_Server?" promptNeeded="false" type="id_String" value="localhost" source="MSSQL_p"/>
        <contextParameter name="MSSQL_p_Login" prompt="MSSQL_p_Login?" promptNeeded="false" type="id_String" value="localhost" source="MSSQL_p"/>
        <contextParameter name="MSSQL_p_AdditionalParams" prompt="MSSQL_p_AdditionalParams?" promptNeeded="false" type="id_String" value="" source="MSSQL_p"/>
        <contextParameter name="MySQL1_Login" prompt="MySQL1_Login?" promptNeeded="false" type="id_String" value="root" source="MySQL1_New"/>
        <contextParameter name="MySQL1_Port" prompt="MySQL1_Port?" promptNeeded="false" type="id_String" value="3306" source="MySQL1_New"/>
        <contextParameter name="MySQL1_Server" prompt="MySQL1_Server?" promptNeeded="false" type="id_String" value="127.0.0.1" source="MySQL1_New"/>
        <contextParameter name="MySQL1_AdditionalParams" prompt="MySQL1_AdditionalParams?" promptNeeded="false" type="id_String" value="noDatetimeStringSync=true&amp;enabledTLSProtocols=TLSv1.2,TLSv1.1,TLSv1" source="MySQL1_New"/>
        <contextParameter name="MySQL1_Database" prompt="MySQL1_Database?" promptNeeded="false" type="id_String" value="food_inspection" source="MySQL1_New"/>
        <contextParameter name="MySQL1_Password" prompt="MySQL1_Password?" promptNeeded="false" type="id_Password" value="**********" source="MySQL1_New"/>
      </context>
    </contextList>
    <jobSetting>
      <extra>
        <jobParameter name="COMP_DEFAULT_FILE_DIR" value=""/>
        <jobParameter name="Multi thread execution" value="false"/>
        <jobParameter name="Implicit tContextLoad" value="false"/>
      </extra>
      <Statslogs>
        <jobParameter name="Use statistics (tStatCatcher)" value="false"/>
        <jobParameter name="Use logs (tLogCatcher)" value="false"/>
        <jobParameter name="Use volumetrics (tFlowMeterCatcher)" value="false"/>
        <jobParameter name="On Console" value="false"/>
        <jobParameter name="On Files" value="false"/>
        <jobParameter name="On Databases" value="false"/>
        <jobParameter name="Catch components statistics" value="false"/>
        <jobParameter name="Catch runtime errors" value="true"/>
        <jobParameter name="Catch user errors" value="true"/>
        <jobParameter name="Catch user warnings" value="true"/>
      </Statslogs>
    </jobSetting>
    <componentList>
      <componentItem name="tDBInput_1" link="tDBInput_1" type="tMysqlInput" leftTopX="256" leftTopY="192" rightBottomX="288" rightBottomY="224"/>
      <componentItem name="tDBInput_2" link="tDBInput_2" type="tMysqlInput" leftTopX="448" leftTopY="416" rightBottomX="480" rightBottomY="448"/>
      <componentItem name="tDBInput_3" link="tDBInput_3" type="tMysqlInput" leftTopX="288" leftTopY="320" rightBottomX="320" rightBottomY="352"/>
      <componentItem name="tDBInput_4" link="tDBInput_4" type="tMysqlInput" leftTopX="544" leftTopY="64" rightBottomX="576" rightBottomY="96"/>
      <componentItem name="tDBInput_5" link="tDBInput_5" type="tMysqlInput" leftTopX="640" leftTopY="416" rightBottomX="672" rightBottomY="448"/>
      <componentItem name="tDBOutput_1" link="tDBOutput_1" type="tMysqlOutput" leftTopX="864" leftTopY="192" rightBottomX="896" rightBottomY="224"/>
      <componentItem name="tDBOutput_2" link="tDBOutput_2" type="tMSSqlOutput" leftTopX="896" leftTopY="352" rightBottomX="928" rightBottomY="384"/>
      <componentItem name="tMap_1" link="tMap_1" type="tMap" leftTopX="512" leftTopY="192" rightBottomX="544" rightBottomY="224"/>
    </componentList>
    <internalNodeComponents>
      <component icon="pictures/tDBInput_1.png" uniqueName="tDBInput_1" label="__TABLE__">
        <input>none</input>
        <output link="tMap_1">tMap_1</output>
        <componentType>tMysqlInput</componentType>
        <parameters>
          <column name="Database" value="tMysqlInput"/>
          <column name="Unique Name" value="tDBInput_1"/>
          <column name="Component Name" value="tMysqlInput"/>
          <column name="Version" value="0.102 (ALPHA)"/>
          <column name="Family" value="Databases/DB Specifics/MySQL"/>
          <column name="Start" value="true"/>
          <column name="Startable" value="true"/>
          <column name="SUBTREE_START" value="true"/>
          <column name="END_OF_FLOW" value="false"/>
          <column name="Activate" value="true"/>
          <column name="DUMMY" value="false"/>
          <column name="tStatCatcher Statistics" value="false"/>
          <column name="Help" value="org.talend.help.tMysqlInput"/>
          <column name="Update components" value="true"/>
          <column name="IREPORT_PATH" value=""/>
          <column name="JAVA_LIBRARY_PATH" value="C:\Program Files (x86)\Talend-Studio\studio\configuration\lib\java"/>
          <column name="Subjob color" value=""/>
          <column name="Title color" value=""/>
          <column name="Enable parallel execution" value="false"/>
          <column name="Number of parallel executions" value="2"/>
          <column name="PARALLELIZE_KEEP_EMPTY" value="false"/>
          <column name="Property Type" value="repository: DB (MYSQL):MySQL_p"/>
          <column name="DB Version" value="MYSQL_8"/>
          <column name="Use an existing connection" value="false"/>
          <column name="Component List" value=""/>
          <column name="Host" value="context.MySQL_p_Server"/>
          <column name="Port" value="context.MySQL_p_Port"/>
          <column name="Database" value="context.MySQL_p_Database"/>
          <column name="Database Driver" value="MYSQL"/>
          <column name="Username" value="context.MySQL_p_Login"/>
          <column name="Password" value="context.MySQL_p_Password"/>
          <column name="REPOSITORY_ALLOW_AUTO_SWITCH" value="true"/>
          <column name="Schema" value="repository: DB (MYSQL):MySQL_p - stg_food_inspection"/>
          <column name="Table Name" value="&quot;stg_food_inspection&quot;"/>
          <column name="Query Type" value="Built-In"/>
          <column name="Guess Schema" value="&quot;&quot;"/>
          <column name="Query" value="&quot;SELECT 
  `stg_food_inspection`.`BusinessId`, 
  `stg_food_inspection`.`Name`, 
  `stg_food_inspection`.`Address`, 
  `stg_food_inspection`.`City`, 
  `stg_food_inspection`.`State`, 
  `stg_food_inspection`.`ZipCode`, 
  `stg_food_inspection`.`PhoneNumber`, 
  `stg_food_inspection`.`InspectionId`, 
  `stg_food_inspection`.`Date`, 
  `stg_food_inspection`.`InspectionType`, 
  `stg_food_inspection`.`ViolationCodes`, 
  `stg_food_inspection`.`ViolationDescriptions`, 
  `stg_food_inspection`.`Location`, 
  `stg_food_inspection`.`DI_CreatedDate`, 
  `stg_food_inspection`.`DI_WorkflowFileName`, 
  `stg_food_inspection`.`DI_Workflow_ProcessID`
FROM `stg_food_inspection`&quot;"/>
          <column name="Specify a data source alias" value="false"/>
          <column name="Data source alias" value="&quot;&quot;"/>
          <column name="Mapping" value="mysql_id"/>
          <column name="Additional JDBC Parameters" value="context.MySQL_p_AdditionalParams"/>
          <column name="Encoding" value="&quot;ISO-8859-15&quot;"/>
          <column name="Enable stream" value="false"/>
          <column name="Trim all the String/Char columns" value="false"/>
          <column name="Trim column" value="[{SCHEMA_COLUMN=BusinessId, TRIM=false}, {SCHEMA_COLUMN=Name, TRIM=false}, {SCHEMA_COLUMN=Address, TRIM=false}, {SCHEMA_COLUMN=City, TRIM=false}, {SCHEMA_COLUMN=State, TRIM=false}, {SCHEMA_COLUMN=ZipCode, TRIM=false}, {SCHEMA_COLUMN=PhoneNumber, TRIM=false}, {SCHEMA_COLUMN=InspectionId, TRIM=false}, {SCHEMA_COLUMN=Date, TRIM=false}, {SCHEMA_COLUMN=InspectionType, TRIM=false}, {SCHEMA_COLUMN=ViolationCodes, TRIM=false}, {SCHEMA_COLUMN=ViolationDescriptions, TRIM=false}, {SCHEMA_COLUMN=Location, TRIM=false}, {SCHEMA_COLUMN=DI_CreatedDate, TRIM=false}, {SCHEMA_COLUMN=DI_WorkflowFileName, TRIM=false}, {SCHEMA_COLUMN=DI_Workflow_ProcessID, TRIM=false}]"/>
          <column name="Label format" value="__TABLE__"/>
          <column name="Hint format" value="&lt;b&gt;__UNIQUE_NAME__&lt;/b&gt;&lt;br&gt;__COMMENT__"/>
          <column name="Connection format" value="row"/>
          <column name="Show Information" value="false"/>
          <column name="Comment" value=""/>
          <column name="Use an existing validation rule" value="false"/>
          <column name="Validation Rule Type" value=""/>
        </parameters>
        <schemas>
          <schema name="stg_food_inspection">
            <column name="BusinessId" key="false" type="String" length="23" precision="" nullable="true" comment=""/>
            <column name="Name" key="false" type="String" length="70" precision="" nullable="true" comment=""/>
            <column name="Address" key="false" type="String" length="32" precision="" nullable="true" comment=""/>
            <column name="City" key="false" type="String" length="17" precision="" nullable="true" comment=""/>
            <column name="State" key="false" type="String" length="2" precision="" nullable="true" comment=""/>
            <column name="ZipCode" key="false" type="String" length="30" precision="" nullable="true" comment=""/>
            <column name="PhoneNumber" key="false" type="Long" length="19" precision="" nullable="true" comment=""/>
            <column name="InspectionId" key="true" type="String" length="9" precision="" nullable="false" comment=""/>
            <column name="Date" key="false" type="java.util.Date" length="19" precision="" nullable="true" comment=""/>
            <column name="InspectionType" key="false" type="String" length="12" precision="" nullable="true" comment=""/>
            <column name="ViolationCodes" key="false" type="String" length="109" precision="" nullable="true" comment=""/>
            <column name="ViolationDescriptions" key="false" type="String" length="1500" precision="" nullable="true" comment=""/>
            <column name="Location" key="false" type="String" length="86" precision="" nullable="true" comment=""/>
            <column name="DI_CreatedDate" key="false" type="java.util.Date" length="19" precision="" nullable="true" comment=""/>
            <column name="DI_WorkflowFileName" key="false" type="String" length="100" precision="" nullable="true" comment=""/>
            <column name="DI_Workflow_ProcessID" key="false" type="String" length="300" precision="" nullable="true" comment=""/>
          </schema>
        </schemas>
      </component>
      <component icon="pictures/tDBInput_2.png" uniqueName="tDBInput_2" label="__TABLE__">
        <input>none</input>
        <output link="tMap_1">tMap_1</output>
        <componentType>tMysqlInput</componentType>
        <parameters>
          <column name="Database" value="tMysqlInput"/>
          <column name="Unique Name" value="tDBInput_2"/>
          <column name="Component Name" value="tMysqlInput"/>
          <column name="Version" value="0.102 (ALPHA)"/>
          <column name="Family" value="Databases/DB Specifics/MySQL"/>
          <column name="Start" value="false"/>
          <column name="Startable" value="true"/>
          <column name="SUBTREE_START" value="false"/>
          <column name="END_OF_FLOW" value="false"/>
          <column name="Activate" value="true"/>
          <column name="DUMMY" value="false"/>
          <column name="tStatCatcher Statistics" value="false"/>
          <column name="Help" value="org.talend.help.tMysqlInput"/>
          <column name="Update components" value="true"/>
          <column name="IREPORT_PATH" value=""/>
          <column name="JAVA_LIBRARY_PATH" value="C:\Program Files (x86)\Talend-Studio\studio\configuration\lib\java"/>
          <column name="Subjob color" value=""/>
          <column name="Title color" value=""/>
          <column name="Enable parallel execution" value="false"/>
          <column name="Number of parallel executions" value="2"/>
          <column name="PARALLELIZE_KEEP_EMPTY" value="false"/>
          <column name="Property Type" value="repository: DB (MYSQL):MySQL_p"/>
          <column name="DB Version" value="MYSQL_8"/>
          <column name="Use an existing connection" value="false"/>
          <column name="Component List" value=""/>
          <column name="Host" value="context.MySQL_p_Server"/>
          <column name="Port" value="context.MySQL_p_Port"/>
          <column name="Database" value="context.MySQL_p_Database"/>
          <column name="Database Driver" value="MYSQL"/>
          <column name="Username" value="context.MySQL_p_Login"/>
          <column name="Password" value="context.MySQL_p_Password"/>
          <column name="REPOSITORY_ALLOW_AUTO_SWITCH" value="true"/>
          <column name="Schema" value="repository: DB (MYSQL):MySQL_p - dim_restaurant"/>
          <column name="Table Name" value="&quot;dim_restaurant&quot;"/>
          <column name="Query Type" value="Built-In"/>
          <column name="Guess Schema" value="&quot;&quot;"/>
          <column name="Query" value="&quot;SELECT 
  `dim_restaurant`.`RestaurantSK`, 
  `dim_restaurant`.`Name`, 
  `dim_restaurant`.`PhoneNumber`, 
  `dim_restaurant`.`Address`, 
  `dim_restaurant`.`City`, 
  `dim_restaurant`.`State`, 
  `dim_restaurant`.`Zipcode`, 
  `dim_restaurant`.`Latitude`, 
  `dim_restaurant`.`Longitude`, 
  `dim_restaurant`.`DI_CreatedDate`, 
  `dim_restaurant`.`DI_WorkflowFileName`, 
  `dim_restaurant`.`DI_Workflow_ProcessID`
FROM `dim_restaurant`&quot;"/>
          <column name="Specify a data source alias" value="false"/>
          <column name="Data source alias" value="&quot;&quot;"/>
          <column name="Mapping" value="mysql_id"/>
          <column name="Additional JDBC Parameters" value="context.MySQL_p_AdditionalParams"/>
          <column name="Encoding" value="&quot;ISO-8859-15&quot;"/>
          <column name="Enable stream" value="false"/>
          <column name="Trim all the String/Char columns" value="false"/>
          <column name="Trim column" value="[{SCHEMA_COLUMN=RestaurantSK, TRIM=false}, {SCHEMA_COLUMN=Name, TRIM=false}, {SCHEMA_COLUMN=PhoneNumber, TRIM=false}, {SCHEMA_COLUMN=Address, TRIM=false}, {SCHEMA_COLUMN=City, TRIM=false}, {SCHEMA_COLUMN=State, TRIM=false}, {SCHEMA_COLUMN=Zipcode, TRIM=false}, {SCHEMA_COLUMN=Latitude, TRIM=false}, {SCHEMA_COLUMN=Longitude, TRIM=false}, {SCHEMA_COLUMN=DI_CreatedDate, TRIM=false}, {SCHEMA_COLUMN=DI_WorkflowFileName, TRIM=false}, {SCHEMA_COLUMN=DI_Workflow_ProcessID, TRIM=false}]"/>
          <column name="Label format" value="__TABLE__"/>
          <column name="Hint format" value="&lt;b&gt;__UNIQUE_NAME__&lt;/b&gt;&lt;br&gt;__COMMENT__"/>
          <column name="Connection format" value="row"/>
          <column name="Show Information" value="false"/>
          <column name="Comment" value=""/>
          <column name="Use an existing validation rule" value="false"/>
          <column name="Validation Rule Type" value=""/>
        </parameters>
        <schemas>
          <schema name="dim_restaurant">
            <column name="RestaurantSK" key="true" type="int" length="10" precision="" nullable="false" comment=""/>
            <column name="Name" key="false" type="String" length="100" precision="" nullable="true" comment=""/>
            <column name="PhoneNumber" key="false" type="Long" length="19" precision="" nullable="true" comment=""/>
            <column name="Address" key="false" type="String" length="300" precision="" nullable="true" comment=""/>
            <column name="City" key="false" type="String" length="100" precision="" nullable="true" comment=""/>
            <column name="State" key="false" type="String" length="100" precision="" nullable="true" comment=""/>
            <column name="Zipcode" key="false" type="String" length="30" precision="" nullable="true" comment=""/>
            <column name="Latitude" key="false" type="String" length="100" precision="" nullable="true" comment=""/>
            <column name="Longitude" key="false" type="String" length="100" precision="" nullable="true" comment=""/>
            <column name="DI_CreatedDate" key="false" type="java.util.Date" length="19" precision="" nullable="true" comment=""/>
            <column name="DI_WorkflowFileName" key="false" type="String" length="100" precision="" nullable="true" comment=""/>
            <column name="DI_Workflow_ProcessID" key="false" type="String" length="100" precision="" nullable="true" comment=""/>
          </schema>
        </schemas>
      </component>
      <component icon="pictures/tDBInput_3.png" uniqueName="tDBInput_3" label="__TABLE__">
        <input>none</input>
        <output link="tMap_1">tMap_1</output>
        <componentType>tMysqlInput</componentType>
        <parameters>
          <column name="Database" value="tMysqlInput"/>
          <column name="Unique Name" value="tDBInput_3"/>
          <column name="Component Name" value="tMysqlInput"/>
          <column name="Version" value="0.102 (ALPHA)"/>
          <column name="Family" value="Databases/DB Specifics/MySQL"/>
          <column name="Start" value="false"/>
          <column name="Startable" value="true"/>
          <column name="SUBTREE_START" value="false"/>
          <column name="END_OF_FLOW" value="false"/>
          <column name="Activate" value="true"/>
          <column name="DUMMY" value="false"/>
          <column name="tStatCatcher Statistics" value="false"/>
          <column name="Help" value="org.talend.help.tMysqlInput"/>
          <column name="Update components" value="true"/>
          <column name="IREPORT_PATH" value=""/>
          <column name="JAVA_LIBRARY_PATH" value="C:\Program Files (x86)\Talend-Studio\studio\configuration\lib\java"/>
          <column name="Subjob color" value=""/>
          <column name="Title color" value=""/>
          <column name="Enable parallel execution" value="false"/>
          <column name="Number of parallel executions" value="2"/>
          <column name="PARALLELIZE_KEEP_EMPTY" value="false"/>
          <column name="Property Type" value="repository: DB (MYSQL):MySQL_p"/>
          <column name="DB Version" value="MYSQL_8"/>
          <column name="Use an existing connection" value="false"/>
          <column name="Component List" value=""/>
          <column name="Host" value="context.MySQL_p_Server"/>
          <column name="Port" value="context.MySQL_p_Port"/>
          <column name="Database" value="context.MySQL_p_Database"/>
          <column name="Database Driver" value="MYSQL"/>
          <column name="Username" value="context.MySQL_p_Login"/>
          <column name="Password" value="context.MySQL_p_Password"/>
          <column name="REPOSITORY_ALLOW_AUTO_SWITCH" value="true"/>
          <column name="Schema" value="repository: DB (MYSQL):MySQL_p - dim_date"/>
          <column name="Table Name" value="&quot;dim_date&quot;"/>
          <column name="Query Type" value="Built-In"/>
          <column name="Guess Schema" value="&quot;&quot;"/>
          <column name="Query" value="&quot;SELECT 
  `dim_date`.`DateSK`, 
  `dim_date`.`Day_Num`, 
  `dim_date`.`Day_Str`, 
  `dim_date`.`Month_Num`, 
  `dim_date`.`Month_Str`, 
  `dim_date`.`Year_Num`, 
  `dim_date`.`Week`, 
  `dim_date`.`Quarter`, 
  `dim_date`.`dt`, 
  `dim_date`.`DI_CreatedDate`, 
  `dim_date`.`DI_WorkflowFileName`, 
  `dim_date`.`DI_Workflow_ProcessID`
FROM `dim_date`&quot;"/>
          <column name="Specify a data source alias" value="false"/>
          <column name="Data source alias" value="&quot;&quot;"/>
          <column name="Mapping" value="mysql_id"/>
          <column name="Additional JDBC Parameters" value="context.MySQL_p_AdditionalParams"/>
          <column name="Encoding" value="&quot;ISO-8859-15&quot;"/>
          <column name="Enable stream" value="false"/>
          <column name="Trim all the String/Char columns" value="false"/>
          <column name="Trim column" value="[{SCHEMA_COLUMN=DateSK, TRIM=false}, {SCHEMA_COLUMN=Day_Num, TRIM=false}, {SCHEMA_COLUMN=Day_Str, TRIM=false}, {SCHEMA_COLUMN=Month_Num, TRIM=false}, {SCHEMA_COLUMN=Month_Str, TRIM=false}, {SCHEMA_COLUMN=Year_Num, TRIM=false}, {SCHEMA_COLUMN=Week, TRIM=false}, {SCHEMA_COLUMN=Quarter, TRIM=false}, {SCHEMA_COLUMN=dt, TRIM=false}, {SCHEMA_COLUMN=DI_CreatedDate, TRIM=false}, {SCHEMA_COLUMN=DI_WorkflowFileName, TRIM=false}, {SCHEMA_COLUMN=DI_Workflow_ProcessID, TRIM=false}]"/>
          <column name="Label format" value="__TABLE__"/>
          <column name="Hint format" value="&lt;b&gt;__UNIQUE_NAME__&lt;/b&gt;&lt;br&gt;__COMMENT__"/>
          <column name="Connection format" value="row"/>
          <column name="Show Information" value="false"/>
          <column name="Comment" value=""/>
          <column name="Use an existing validation rule" value="false"/>
          <column name="Validation Rule Type" value=""/>
        </parameters>
        <schemas>
          <schema name="dim_date">
            <column name="DateSK" key="true" type="int" length="10" precision="" nullable="false" comment=""/>
            <column name="Day_Num" key="false" type="Integer" length="10" precision="" nullable="true" comment=""/>
            <column name="Day_Str" key="false" type="String" length="100" precision="" nullable="true" comment=""/>
            <column name="Month_Num" key="false" type="Integer" length="10" precision="" nullable="true" comment=""/>
            <column name="Month_Str" key="false" type="String" length="100" precision="" nullable="true" comment=""/>
            <column name="Year_Num" key="false" type="Integer" length="10" precision="" nullable="true" comment=""/>
            <column name="Week" key="false" type="String" length="100" precision="" nullable="true" comment=""/>
            <column name="Quarter" key="false" type="String" length="100" precision="" nullable="true" comment=""/>
            <column name="dt" key="false" type="java.util.Date" length="19" precision="" nullable="true" comment=""/>
            <column name="DI_CreatedDate" key="false" type="java.util.Date" length="19" precision="" nullable="true" comment=""/>
            <column name="DI_WorkflowFileName" key="false" type="String" length="100" precision="" nullable="true" comment=""/>
            <column name="DI_Workflow_ProcessID" key="false" type="String" length="100" precision="" nullable="true" comment=""/>
          </schema>
        </schemas>
      </component>
      <component icon="pictures/tDBInput_4.png" uniqueName="tDBInput_4" label="__TABLE__">
        <input>none</input>
        <output link="tMap_1">tMap_1</output>
        <componentType>tMysqlInput</componentType>
        <parameters>
          <column name="Database" value="tMysqlInput"/>
          <column name="Unique Name" value="tDBInput_4"/>
          <column name="Component Name" value="tMysqlInput"/>
          <column name="Version" value="0.102 (ALPHA)"/>
          <column name="Family" value="Databases/DB Specifics/MySQL"/>
          <column name="Start" value="false"/>
          <column name="Startable" value="true"/>
          <column name="SUBTREE_START" value="false"/>
          <column name="END_OF_FLOW" value="false"/>
          <column name="Activate" value="true"/>
          <column name="DUMMY" value="false"/>
          <column name="tStatCatcher Statistics" value="false"/>
          <column name="Help" value="org.talend.help.tMysqlInput"/>
          <column name="Update components" value="true"/>
          <column name="IREPORT_PATH" value=""/>
          <column name="JAVA_LIBRARY_PATH" value="C:\Program Files (x86)\Talend-Studio\studio\configuration\lib\java"/>
          <column name="Subjob color" value=""/>
          <column name="Title color" value=""/>
          <column name="Enable parallel execution" value="false"/>
          <column name="Number of parallel executions" value="2"/>
          <column name="PARALLELIZE_KEEP_EMPTY" value="false"/>
          <column name="Property Type" value="repository: DB (MYSQL):MySQL_p"/>
          <column name="DB Version" value="MYSQL_8"/>
          <column name="Use an existing connection" value="false"/>
          <column name="Component List" value=""/>
          <column name="Host" value="context.MySQL_p_Server"/>
          <column name="Port" value="context.MySQL_p_Port"/>
          <column name="Database" value="context.MySQL_p_Database"/>
          <column name="Database Driver" value="MYSQL"/>
          <column name="Username" value="context.MySQL_p_Login"/>
          <column name="Password" value="context.MySQL_p_Password"/>
          <column name="REPOSITORY_ALLOW_AUTO_SWITCH" value="true"/>
          <column name="Schema" value="repository: DB (MYSQL):MySQL_p - dim_violationinspectiontype"/>
          <column name="Table Name" value="&quot;dim_violationinspectiontype&quot;"/>
          <column name="Query Type" value="Built-In"/>
          <column name="Guess Schema" value="&quot;&quot;"/>
          <column name="Query" value="&quot;SELECT 
  `dim_violationinspectiontype`.`InspectionTypeSK`, 
  `dim_violationinspectiontype`.`InspectionType`, 
  `dim_violationinspectiontype`.`DI_CreatedDate`, 
  `dim_violationinspectiontype`.`DI_WorkflowFileName`, 
  `dim_violationinspectiontype`.`DI_Workflow_ProcessID`
FROM `dim_violationinspectiontype`&quot;"/>
          <column name="Specify a data source alias" value="false"/>
          <column name="Data source alias" value="&quot;&quot;"/>
          <column name="Mapping" value="mysql_id"/>
          <column name="Additional JDBC Parameters" value="context.MySQL_p_AdditionalParams"/>
          <column name="Encoding" value="&quot;ISO-8859-15&quot;"/>
          <column name="Enable stream" value="false"/>
          <column name="Trim all the String/Char columns" value="false"/>
          <column name="Trim column" value="[{SCHEMA_COLUMN=InspectionTypeSK, TRIM=false}, {SCHEMA_COLUMN=InspectionType, TRIM=false}, {SCHEMA_COLUMN=DI_CreatedDate, TRIM=false}, {SCHEMA_COLUMN=DI_WorkflowFileName, TRIM=false}, {SCHEMA_COLUMN=DI_Workflow_ProcessID, TRIM=false}]"/>
          <column name="Label format" value="__TABLE__"/>
          <column name="Hint format" value="&lt;b&gt;__UNIQUE_NAME__&lt;/b&gt;&lt;br&gt;__COMMENT__"/>
          <column name="Connection format" value="row"/>
          <column name="Show Information" value="false"/>
          <column name="Comment" value=""/>
          <column name="Use an existing validation rule" value="false"/>
          <column name="Validation Rule Type" value=""/>
        </parameters>
        <schemas>
          <schema name="dim_violationinspectiontype">
            <column name="InspectionTypeSK" key="true" type="int" length="10" precision="" nullable="false" comment=""/>
            <column name="InspectionType" key="false" type="String" length="12" precision="" nullable="true" comment=""/>
            <column name="DI_CreatedDate" key="false" type="java.util.Date" length="19" precision="" nullable="false" comment=""/>
            <column name="DI_WorkflowFileName" key="false" type="String" length="100" precision="" nullable="false" comment=""/>
            <column name="DI_Workflow_ProcessID" key="false" type="String" length="100" precision="" nullable="false" comment=""/>
          </schema>
        </schemas>
      </component>
      <component icon="pictures/tDBInput_5.png" uniqueName="tDBInput_5" label="__TABLE__">
        <input>none</input>
        <output link="tMap_1">tMap_1</output>
        <componentType>tMysqlInput</componentType>
        <parameters>
          <column name="Database" value="tMysqlInput"/>
          <column name="Unique Name" value="tDBInput_5"/>
          <column name="Component Name" value="tMysqlInput"/>
          <column name="Version" value="0.102 (ALPHA)"/>
          <column name="Family" value="Databases/DB Specifics/MySQL"/>
          <column name="Start" value="false"/>
          <column name="Startable" value="true"/>
          <column name="SUBTREE_START" value="false"/>
          <column name="END_OF_FLOW" value="false"/>
          <column name="Activate" value="true"/>
          <column name="DUMMY" value="false"/>
          <column name="tStatCatcher Statistics" value="false"/>
          <column name="Help" value="org.talend.help.tMysqlInput"/>
          <column name="Update components" value="true"/>
          <column name="IREPORT_PATH" value=""/>
          <column name="JAVA_LIBRARY_PATH" value="C:\Program Files (x86)\Talend-Studio\studio\configuration\lib\java"/>
          <column name="Subjob color" value=""/>
          <column name="Title color" value=""/>
          <column name="Enable parallel execution" value="false"/>
          <column name="Number of parallel executions" value="2"/>
          <column name="PARALLELIZE_KEEP_EMPTY" value="false"/>
          <column name="Property Type" value="repository: DB (MYSQL):MySQL_p"/>
          <column name="DB Version" value="MYSQL_8"/>
          <column name="Use an existing connection" value="false"/>
          <column name="Component List" value=""/>
          <column name="Host" value="context.MySQL_p_Server"/>
          <column name="Port" value="context.MySQL_p_Port"/>
          <column name="Database" value="context.MySQL_p_Database"/>
          <column name="Database Driver" value="MYSQL"/>
          <column name="Username" value="context.MySQL_p_Login"/>
          <column name="Password" value="context.MySQL_p_Password"/>
          <column name="REPOSITORY_ALLOW_AUTO_SWITCH" value="true"/>
          <column name="Schema" value="repository: DB (MYSQL):MySQL_p - dim_violation"/>
          <column name="Table Name" value="&quot;dim_violation&quot;"/>
          <column name="Query Type" value="Built-In"/>
          <column name="Guess Schema" value="&quot;&quot;"/>
          <column name="Query" value="&quot;SELECT 
  `dim_violation`.`ViolationCodeID`, 
  `dim_violation`.`InspectionId`, 
  `dim_violation`.`ViolationCodes`, 
  `dim_violation`.`ViolationDescriptions`, 
  `dim_violation`.`ViolationCategory`, 
  `dim_violation`.`ViolationPoint`
FROM `dim_violation`&quot;"/>
          <column name="Specify a data source alias" value="false"/>
          <column name="Data source alias" value="&quot;&quot;"/>
          <column name="Mapping" value="mysql_id"/>
          <column name="Additional JDBC Parameters" value="context.MySQL_p_AdditionalParams"/>
          <column name="Encoding" value="&quot;ISO-8859-15&quot;"/>
          <column name="Enable stream" value="false"/>
          <column name="Trim all the String/Char columns" value="false"/>
          <column name="Trim column" value="[{SCHEMA_COLUMN=ViolationCodeID, TRIM=false}, {SCHEMA_COLUMN=InspectionId, TRIM=false}, {SCHEMA_COLUMN=ViolationCodes, TRIM=false}, {SCHEMA_COLUMN=ViolationDescriptions, TRIM=false}, {SCHEMA_COLUMN=ViolationCategory, TRIM=false}, {SCHEMA_COLUMN=ViolationPoint, TRIM=false}]"/>
          <column name="Label format" value="__TABLE__"/>
          <column name="Hint format" value="&lt;b&gt;__UNIQUE_NAME__&lt;/b&gt;&lt;br&gt;__COMMENT__"/>
          <column name="Connection format" value="row"/>
          <column name="Show Information" value="false"/>
          <column name="Comment" value=""/>
          <column name="Use an existing validation rule" value="false"/>
          <column name="Validation Rule Type" value=""/>
        </parameters>
        <schemas>
          <schema name="dim_violation">
            <column name="ViolationCodeID" key="true" type="int" length="10" precision="" nullable="false" comment=""/>
            <column name="InspectionId" key="false" type="String" length="9" precision="" nullable="false" comment=""/>
            <column name="ViolationCodes" key="false" type="String" length="109" precision="" nullable="true" comment=""/>
            <column name="ViolationDescriptions" key="false" type="String" length="1500" precision="" nullable="true" comment=""/>
            <column name="ViolationCategory" key="false" type="String" length="1500" precision="" nullable="true" comment=""/>
            <column name="ViolationPoint" key="false" type="Integer" length="10" precision="" nullable="true" comment=""/>
          </schema>
        </schemas>
      </component>
      <component icon="pictures/tDBOutput_1.png" uniqueName="tDBOutput_1" label="MySQL_p">
        <input link="tMap_1">tMap_1</input>
        <output>none</output>
        <componentType>tMysqlOutput</componentType>
        <parameters>
          <column name="Database" value="tMysqlOutput"/>
          <column name="Unique Name" value="tDBOutput_1"/>
          <column name="Component Name" value="tMysqlOutput"/>
          <column name="Version" value="0.102 (ALPHA)"/>
          <column name="Family" value="Databases/DB Specifics/MySQL"/>
          <column name="Startable" value="false"/>
          <column name="SUBTREE_START" value="false"/>
          <column name="END_OF_FLOW" value="true"/>
          <column name="Activate" value="true"/>
          <column name="DUMMY" value="false"/>
          <column name="tStatCatcher Statistics" value="false"/>
          <column name="Help" value="org.talend.help.tMysqlOutput"/>
          <column name="Update components" value="true"/>
          <column name="IREPORT_PATH" value=""/>
          <column name="JAVA_LIBRARY_PATH" value="C:\Program Files (x86)\Talend-Studio\studio\configuration\lib\java"/>
          <column name="Subjob color" value=""/>
          <column name="Title color" value=""/>
          <column name="Enable parallel execution" value="false"/>
          <column name="Number of parallel executions" value="2"/>
          <column name="PARALLELIZE_KEEP_EMPTY" value="false"/>
          <column name="Property Type" value="repository: DB (MYSQL):MySQL_p"/>
          <column name="DB Version" value="MYSQL_8"/>
          <column name="Use an existing connection" value="false"/>
          <column name="Component List" value=""/>
          <column name="Database Driver" value="MYSQL"/>
          <column name="Host" value="context.MySQL_p_Server"/>
          <column name="Port" value="context.MySQL_p_Port"/>
          <column name="Database" value="context.MySQL_p_Database"/>
          <column name="Username" value="context.MySQL_p_Login"/>
          <column name="Password" value="context.MySQL_p_Password"/>
          <column name="Table" value="&quot;FCT_Food_Inspection&quot;"/>
          <column name="Action on table" value="DROP_IF_EXISTS_AND_CREATE"/>
          <column name="Action on data" value="INSERT_OR_UPDATE"/>
          <column name="REPOSITORY_ALLOW_AUTO_SWITCH" value="true"/>
          <column name="Schema" value="Built-In"/>
          <column name="Reject Schema" value="Built-In"/>
          <column name="Specify a data source alias" value="false"/>
          <column name="Data source alias" value="&quot;&quot;"/>
          <column name="Die on error" value="false"/>
          <column name="Mapping" value="mysql_id"/>
          <column name="Additional JDBC Parameters" value="context.MySQL_p_AdditionalParams"/>
          <column name="Extend Insert" value="true"/>
          <column name="Number of rows per insert" value="100"/>
          <column name="Use Batch Size" value="true"/>
          <column name="Batch Size" value="10000"/>
          <column name="Encoding" value="&quot;ISO-8859-15&quot;"/>
          <column name="Commit every" value="10000"/>
          <column name="Additional columns" value="[]"/>
          <column name="Use field options" value="false"/>
          <column name="Field options" value="[{SCHEMA_COLUMN=FoodInspectionSK, UPDATE_KEY=false, DELETE_KEY=false, UPDATABLE=true, INSERTABLE=true}, {SCHEMA_COLUMN=ViolationCodeID, UPDATE_KEY=false, DELETE_KEY=false, UPDATABLE=true, INSERTABLE=true}, {SCHEMA_COLUMN=RestaurantSK, UPDATE_KEY=false, DELETE_KEY=false, UPDATABLE=true, INSERTABLE=true}, {SCHEMA_COLUMN=DateSK, UPDATE_KEY=false, DELETE_KEY=false, UPDATABLE=true, INSERTABLE=true}, {SCHEMA_COLUMN=InspectionTypeSK, UPDATE_KEY=false, DELETE_KEY=false, UPDATABLE=true, INSERTABLE=true}, {SCHEMA_COLUMN=ViolationScore, UPDATE_KEY=false, DELETE_KEY=false, UPDATABLE=true, INSERTABLE=true}, {SCHEMA_COLUMN=InspectionResult, UPDATE_KEY=false, DELETE_KEY=false, UPDATABLE=true, INSERTABLE=true}, {SCHEMA_COLUMN=InspectionID, UPDATE_KEY=false, DELETE_KEY=false, UPDATABLE=true, INSERTABLE=true}, {SCHEMA_COLUMN=BusinessId, UPDATE_KEY=false, DELETE_KEY=false, UPDATABLE=true, INSERTABLE=true}, {SCHEMA_COLUMN=DI_CreatedDate, UPDATE_KEY=false, DELETE_KEY=false, UPDATABLE=true, INSERTABLE=true}, {SCHEMA_COLUMN=DI_WorkflowFlieName, UPDATE_KEY=false, DELETE_KEY=false, UPDATABLE=true, INSERTABLE=true}, {SCHEMA_COLUMN=DI_Workflow_ProcessID, UPDATE_KEY=false, DELETE_KEY=false, UPDATABLE=true, INSERTABLE=true}]"/>
          <column name="Use Hint Options" value="false"/>
          <column name="Hint Options" value="[]"/>
          <column name="Debug query mode" value="false"/>
          <column name="Use duplicate key update mode insert" value="false"/>
          <column name="DUPLICATED_KEYS" value="[]"/>
          <column name="Support null in &quot;SQL WHERE&quot; statement" value="false"/>
          <column name="Label format" value="MySQL_p"/>
          <column name="Hint format" value="&lt;b&gt;__UNIQUE_NAME__&lt;/b&gt;&lt;br&gt;__COMMENT__"/>
          <column name="Connection format" value="row"/>
          <column name="Show Information" value="false"/>
          <column name="Comment" value=""/>
          <column name="Use an existing validation rule" value="false"/>
          <column name="Validation Rule Type" value=""/>
        </parameters>
        <schemas>
          <schema name="Output">
            <column name="FoodInspectionSK" key="true" type="int" length="100" precision="" nullable="false" comment=""/>
            <column name="ViolationCodeID" key="true" type="int" length="100" precision="" nullable="false" comment=""/>
            <column name="RestaurantSK" key="true" type="int" length="100" precision="" nullable="false" comment=""/>
            <column name="DateSK" key="true" type="int" length="100" precision="" nullable="false" comment=""/>
            <column name="InspectionTypeSK" key="true" type="int" length="100" precision="" nullable="false" comment=""/>
            <column name="ViolationScore" key="false" type="Integer" length="100" precision="" nullable="true" comment=""/>
            <column name="InspectionResult" key="false" type="String" length="100" precision="" nullable="true" comment=""/>
            <column name="InspectionID" key="false" type="String" length="100" precision="" nullable="true" comment=""/>
            <column name="BusinessId" key="false" type="String" length="23" precision="" nullable="true" comment=""/>
            <column name="DI_CreatedDate" key="false" type="java.util.Date" length="19" precision="" nullable="true" comment=""/>
            <column name="DI_WorkflowFlieName" key="false" type="String" length="100" precision="" nullable="true" comment=""/>
            <column name="DI_Workflow_ProcessID" key="false" type="String" length="300" precision="" nullable="true" comment=""/>
          </schema>
        </schemas>
      </component>
      <component icon="pictures/tDBOutput_2.png" uniqueName="tDBOutput_2" label="MSSQL_p">
        <input link="tMap_1">tMap_1</input>
        <output>none</output>
        <componentType>tMSSqlOutput</componentType>
        <parameters>
          <column name="Database" value="tMSSqlOutput"/>
          <column name="Unique Name" value="tDBOutput_2"/>
          <column name="Component Name" value="tMSSqlOutput"/>
          <column name="Version" value="0.102 (ALPHA)"/>
          <column name="Family" value="Databases/DB Specifics/MS_SQL_Server"/>
          <column name="Startable" value="false"/>
          <column name="SUBTREE_START" value="false"/>
          <column name="END_OF_FLOW" value="true"/>
          <column name="Activate" value="true"/>
          <column name="DUMMY" value="false"/>
          <column name="tStatCatcher Statistics" value="false"/>
          <column name="Help" value="org.talend.help.tMSSqlOutput"/>
          <column name="Update components" value="true"/>
          <column name="IREPORT_PATH" value=""/>
          <column name="JAVA_LIBRARY_PATH" value="C:\Program Files (x86)\Talend-Studio\studio\configuration\lib\java"/>
          <column name="Subjob color" value=""/>
          <column name="Title color" value=""/>
          <column name="Enable parallel execution" value="false"/>
          <column name="Number of parallel executions" value="2"/>
          <column name="PARALLELIZE_KEEP_EMPTY" value="false"/>
          <column name="Property Type" value="repository: DB (MSSQL):MSSQL_p"/>
          <column name="Use an existing connection" value="false"/>
          <column name="Component List" value=""/>
          <column name="JDBC Provider" value="JTDS"/>
          <column name="Host" value="context.MSSQL_p_Server"/>
          <column name="Port" value="context.MSSQL_p_Port"/>
          <column name="Schema" value="context.MSSQL_p_Schema"/>
          <column name="Database" value="context.MSSQL_p_Database"/>
          <column name="Database Driver" value="MSSQL"/>
          <column name="Username" value="context.MSSQL_p_Login"/>
          <column name="Password" value="context.MSSQL_p_Password"/>
          <column name="Table" value="&quot;FCT_food_inspection&quot;"/>
          <column name="Action on table" value="DROP_IF_EXISTS_AND_CREATE"/>
          <column name="Turn on identity insert" value="false"/>
          <column name="Action on data" value="INSERT"/>
          <column name="Specify identity field" value="false"/>
          <column name="Identity field" value="FoodInspectionSK"/>
          <column name="Start value" value="1"/>
          <column name="Step" value="1"/>
          <column name="REPOSITORY_ALLOW_AUTO_SWITCH" value="true"/>
          <column name="Schema" value="Built-In"/>
          <column name="Reject Schema" value="Built-In"/>
          <column name="Specify a data source alias" value="false"/>
          <column name="Data source alias" value="&quot;&quot;"/>
          <column name="Die on error" value="false"/>
          <column name="Mapping" value="id_MSSQL"/>
          <column name="Additional JDBC Parameters" value="context.MSSQL_p_AdditionalParams"/>
          <column name="Authenticate using Azure Active Directory" value="false"/>
          <column name="Use alternate schema" value="false"/>
          <column name="Schema" value="&quot;&quot;"/>
          <column name="Encoding" value="&quot;ISO-8859-15&quot;"/>
          <column name="Commit every" value="10000"/>
          <column name="Additional columns" value="[]"/>
          <column name="Use field options" value="false"/>
          <column name="Field options" value="[{SCHEMA_COLUMN=FoodInspectionSK, UPDATE_KEY=false, DELETE_KEY=false, UPDATABLE=true, INSERTABLE=true}, {SCHEMA_COLUMN=ViolationCodeID, UPDATE_KEY=false, DELETE_KEY=false, UPDATABLE=true, INSERTABLE=true}, {SCHEMA_COLUMN=RestaurantSK, UPDATE_KEY=false, DELETE_KEY=false, UPDATABLE=true, INSERTABLE=true}, {SCHEMA_COLUMN=DateSK, UPDATE_KEY=false, DELETE_KEY=false, UPDATABLE=true, INSERTABLE=true}, {SCHEMA_COLUMN=InspectionTypeSK, UPDATE_KEY=false, DELETE_KEY=false, UPDATABLE=true, INSERTABLE=true}, {SCHEMA_COLUMN=ViolationScore, UPDATE_KEY=false, DELETE_KEY=false, UPDATABLE=true, INSERTABLE=true}, {SCHEMA_COLUMN=InspectionResult, UPDATE_KEY=false, DELETE_KEY=false, UPDATABLE=true, INSERTABLE=true}, {SCHEMA_COLUMN=InspectionID, UPDATE_KEY=false, DELETE_KEY=false, UPDATABLE=true, INSERTABLE=true}, {SCHEMA_COLUMN=BusinessId, UPDATE_KEY=false, DELETE_KEY=false, UPDATABLE=true, INSERTABLE=true}, {SCHEMA_COLUMN=DI_CreatedDate, UPDATE_KEY=false, DELETE_KEY=false, UPDATABLE=true, INSERTABLE=true}, {SCHEMA_COLUMN=DI_WorkflowFlieName, UPDATE_KEY=false, DELETE_KEY=false, UPDATABLE=true, INSERTABLE=true}, {SCHEMA_COLUMN=DI_Workflow_ProcessID, UPDATE_KEY=false, DELETE_KEY=false, UPDATABLE=true, INSERTABLE=true}]"/>
          <column name="Ignore date out of range" value="false"/>
          <column name="Debug query mode" value="false"/>
          <column name="Support null in &quot;SQL WHERE&quot; statement" value="false"/>
          <column name="Use Batch Size" value="true"/>
          <column name="Batch Size" value="10000"/>
          <column name="Set Query Timeout" value="false"/>
          <column name="Timeout (seconds)" value="30"/>
          <column name="Label format" value="MSSQL_p"/>
          <column name="Hint format" value="&lt;b&gt;__UNIQUE_NAME__&lt;/b&gt;&lt;br&gt;__COMMENT__"/>
          <column name="Connection format" value="row"/>
          <column name="Show Information" value="false"/>
          <column name="Comment" value=""/>
          <column name="Use an existing validation rule" value="false"/>
          <column name="Validation Rule Type" value=""/>
        </parameters>
        <schemas>
          <schema name="tDBOutput_2">
            <column name="FoodInspectionSK" key="true" type="int" length="100" precision="" nullable="false" comment=""/>
            <column name="ViolationCodeID" key="true" type="int" length="100" precision="" nullable="false" comment=""/>
            <column name="RestaurantSK" key="true" type="int" length="100" precision="" nullable="false" comment=""/>
            <column name="DateSK" key="true" type="int" length="100" precision="" nullable="false" comment=""/>
            <column name="InspectionTypeSK" key="true" type="int" length="100" precision="" nullable="false" comment=""/>
            <column name="ViolationScore" key="false" type="Integer" length="100" precision="" nullable="true" comment=""/>
            <column name="InspectionResult" key="false" type="String" length="100" precision="" nullable="true" comment=""/>
            <column name="InspectionID" key="false" type="String" length="100" precision="" nullable="true" comment=""/>
            <column name="BusinessId" key="false" type="String" length="23" precision="" nullable="true" comment=""/>
            <column name="DI_CreatedDate" key="false" type="java.util.Date" length="19" precision="" nullable="true" comment=""/>
            <column name="DI_WorkflowFlieName" key="false" type="String" length="100" precision="" nullable="true" comment=""/>
            <column name="DI_Workflow_ProcessID" key="false" type="String" length="300" precision="" nullable="true" comment=""/>
          </schema>
        </schemas>
      </component>
    </internalNodeComponents>
    <externalNodeComponents>
      <component icon="pictures/tMap_1.png" uniqueName="tMap_1" label="__UNIQUE_NAME__" preview="pictures/external_preview_tMap_1.png">
        <input link="tDBInput_1">tDBInput_1</input>
        <input link="tDBInput_3">tDBInput_3</input>
        <input link="tDBInput_5">tDBInput_5</input>
        <input link="tDBInput_2">tDBInput_2</input>
        <input link="tDBInput_4">tDBInput_4</input>
        <output link="tDBOutput_1">tDBOutput_1</output>
        <output link="tDBOutput_2">tDBOutput_2</output>
        <componentType>tMap</componentType>
        <!--tMap_1-->
      </component>
    </externalNodeComponents>
    <connections>
      <connection label="row1" lineStyle="0" metaname="tDBInput_1" offsetLabelX="0" offsetLabelY="0" source="tDBInput_1" target="tMap_1"/>
      <connection label="Output" lineStyle="0" metaname="Output" offsetLabelX="0" offsetLabelY="0" source="tMap_1" target="tDBOutput_1"/>
      <connection label="outMSSQL" lineStyle="0" metaname="outMSSQL" offsetLabelX="0" offsetLabelY="0" source="tMap_1" target="tDBOutput_2"/>
      <connection label="row2" lineStyle="8" metaname="tDBInput_3" offsetLabelX="0" offsetLabelY="0" source="tDBInput_3" target="tMap_1"/>
      <connection label="row4" lineStyle="8" metaname="tDBInput_5" offsetLabelX="0" offsetLabelY="0" source="tDBInput_5" target="tMap_1"/>
      <connection label="row3" lineStyle="8" metaname="tDBInput_2" offsetLabelX="0" offsetLabelY="0" source="tDBInput_2" target="tMap_1"/>
      <connection label="row5" lineStyle="8" metaname="tDBInput_4" offsetLabelX="0" offsetLabelY="0" source="tDBInput_4" target="tMap_1"/>
    </connections>
  </job>
</project>
