<?xml version="1.1" encoding="UTF-8"?>

<project i18n.job.generated.documetation="Generated documentation" i18n.job.project.name="Project Name" i18n.job.generated.date="GENERATION DATE" i18n.job.author="AUTHOR" i18n.job.summary="Summary" i18n.job.project.description="Project Description" i18n.job.job.description="Description" i18n.job.job.preview.picture="Preview Picture" i18n.job.job.setting="Settings" i18n.job.context.list="Context List" i18n.job.component.list="Component List" i18n.job.components.description="Components Description" i18n.job.source.code="Source Code" i18n.job.properties="Properties" i18n.job.values="Values" i18n.job.name="Name" i18n.job.language="Language" i18n.job.description="Description" i18n.job.author.min="Author" i18n.job.version="Version" i18n.job.purpose="Purpose" i18n.job.status="Status" i18n.job.creation="Creation" i18n.job.modification="Modification" i18n.job.extract.settings="Extra settings" i18n.job.value="Value" i18n.job.stats.logs="Status &amp; Logs" i18n.job.context="Context" i18n.job.promt="Prompt" i18n.job.need.promt="Need Prompt?" i18n.job.type="Type" i18n.job.source="Source" i18n.job.component.name="Component Name" i18n.job.component.type="Component Type" i18n.job.component="Component" i18n.job.unique.name="UNIQUE NAME" i18n.job.input="INPUT(S)" i18n.job.label="LABEL" i18n.job.output="OUTPUT(S)" i18n.job.component.parameters="Component Parameters:" i18n.job.schema.for="Schema for " i18n.job.column="Column" i18n.job.key="Key" i18n.job.length="Length" i18n.job.precision="Precision" i18n.job.nullable="Nullable" i18n.job.comment="Comment" i18n.job.original.function.parameters="Original Function Parameters:" i18n.job.ended="ended" i18n.job.content="content" i18n.route.manifest.type="Type" i18n.route.manifest.value="Value" i18n.route.resource.name="Name" i18n.route.resource.version="Version" i18n.route.resource.path="Path" name="midterm" logo="pictures/logo.jpg" title="Generated by Talend Cloud Data Fabric" link="http://www.talend.com" language="java" generatedDate="Oct 22, 2023, 5:26:01 PM" versionName="Talend Cloud VERSION " version="8.0.1.20220923_1236-patch" docType="Jobs" company="">
  <pro-description><![CDATA[]]></pro-description>
  <job name="DIM_Date" author="sandhyan.p@northeastern.edu" i18n.job.extract.settings.type="i18n.job.extract.settings" i18n.job.stats.logs.type="i18n.job.stats.logs" version="0.1" purpose="" status="" creation="Oct 14, 2023, 8:09:30 PM" modification="Oct 22, 2023, 5:17:37 PM">
    <description><![CDATA[<br/>]]></description>
    <preview picture="pictures/DIM_Date_0.1.png"/>
    <contextList>
      <context name="Default">
        <contextParameter name="MySQL1_Password" prompt="MySQL1_Password?" promptNeeded="false" type="id_Password" value="**********" source="MySQL1_New"/>
        <contextParameter name="MySQL1_AdditionalParams" prompt="MySQL1_AdditionalParams?" promptNeeded="false" type="id_String" value="noDatetimeStringSync=true&amp;enabledTLSProtocols=TLSv1.2,TLSv1.1,TLSv1" source="MySQL1_New"/>
        <contextParameter name="MySQL1_Port" prompt="MySQL1_Port?" promptNeeded="false" type="id_String" value="3306" source="MySQL1_New"/>
        <contextParameter name="MySQL1_Login" prompt="MySQL1_Login?" promptNeeded="false" type="id_String" value="root" source="MySQL1_New"/>
        <contextParameter name="MySQL1_Server" prompt="MySQL1_Server?" promptNeeded="false" type="id_String" value="127.0.0.1" source="MySQL1_New"/>
        <contextParameter name="MySQL1_Database" prompt="MySQL1_Database?" promptNeeded="false" type="id_String" value="food_inspection" source="MySQL1_New"/>
        <contextParameter name="StartDate" prompt="StartDate?" promptNeeded="true" type="id_Date" value="2008-10-19 20:14:08"/>
        <contextParameter name="FoodInspection_File" prompt="FoodInspection_File?" promptNeeded="false" type="id_File" value="C:/Users/prami/Downloads/Food_Facility_Inspections.csv"/>
        <contextParameter name="MSSQL_New_Login" prompt="MSSQL_New_Login?" promptNeeded="false" type="id_String" value="localhost" source="MSSQL_New"/>
        <contextParameter name="MSSQL_New_Server" prompt="MSSQL_New_Server?" promptNeeded="false" type="id_String" value="MUSKAN" source="MSSQL_New"/>
        <contextParameter name="MSSQL_New_Database" prompt="MSSQL_New_Database?" promptNeeded="false" type="id_String" value="food_inspection" source="MSSQL_New"/>
        <contextParameter name="MSSQL_New_Schema" prompt="MSSQL_New_Schema?" promptNeeded="false" type="id_String" value="" source="MSSQL_New"/>
        <contextParameter name="MSSQL_New_Password" prompt="MSSQL_New_Password?" promptNeeded="false" type="id_Password" value="************" source="MSSQL_New"/>
        <contextParameter name="MSSQL_New_Port" prompt="MSSQL_New_Port?" promptNeeded="false" type="id_String" value="1433" source="MSSQL_New"/>
        <contextParameter name="MSSQL_New_AdditionalParams" prompt="MSSQL_New_AdditionalParams?" promptNeeded="false" type="id_String" value="" source="MSSQL_New"/>
        <contextParameter name="MySQL_p_Database" prompt="MySQL_p_Database?" promptNeeded="false" type="id_String" value="food_inspection" source="MySQL_p"/>
        <contextParameter name="MySQL_p_Login" prompt="MySQL_p_Login?" promptNeeded="false" type="id_String" value="root" source="MySQL_p"/>
        <contextParameter name="MySQL_p_AdditionalParams" prompt="MySQL_p_AdditionalParams?" promptNeeded="false" type="id_String" value="noDatetimeStringSync=true&amp;enabledTLSProtocols=TLSv1.2,TLSv1.1,TLSv1" source="MySQL_p"/>
        <contextParameter name="MySQL_p_Server" prompt="MySQL_p_Server?" promptNeeded="false" type="id_String" value="localhost" source="MySQL_p"/>
        <contextParameter name="MySQL_p_Port" prompt="MySQL_p_Port?" promptNeeded="false" type="id_String" value="3306" source="MySQL_p"/>
        <contextParameter name="MySQL_p_Password" prompt="MySQL_p_Password?" promptNeeded="false" type="id_Password" value="***********" source="MySQL_p"/>
        <contextParameter name="MSSQL_p_Port" prompt="MSSQL_p_Port?" promptNeeded="false" type="id_String" value="1433" source="MSSQL_p"/>
        <contextParameter name="MSSQL_p_Schema" prompt="MSSQL_p_Schema?" promptNeeded="false" type="id_String" value="" source="MSSQL_p"/>
        <contextParameter name="MSSQL_p_Database" prompt="MSSQL_p_Database?" promptNeeded="false" type="id_String" value="food_inspection" source="MSSQL_p"/>
        <contextParameter name="MSSQL_p_Password" prompt="MSSQL_p_Password?" promptNeeded="false" type="id_Password" value="***" source="MSSQL_p"/>
        <contextParameter name="MSSQL_p_Server" prompt="MSSQL_p_Server?" promptNeeded="false" type="id_String" value="localhost" source="MSSQL_p"/>
        <contextParameter name="MSSQL_p_Login" prompt="MSSQL_p_Login?" promptNeeded="false" type="id_String" value="localhost" source="MSSQL_p"/>
        <contextParameter name="MSSQL_p_AdditionalParams" prompt="MSSQL_p_AdditionalParams?" promptNeeded="false" type="id_String" value="" source="MSSQL_p"/>
      </context>
      <context name="Development">
        <contextParameter name="MySQL1_Password" prompt="MySQL1_Password?" promptNeeded="false" type="id_Password" value="**********" source="MySQL1_New"/>
        <contextParameter name="MySQL1_AdditionalParams" prompt="MySQL1_AdditionalParams?" promptNeeded="false" type="id_String" value="noDatetimeStringSync=true&amp;enabledTLSProtocols=TLSv1.2,TLSv1.1,TLSv1" source="MySQL1_New"/>
        <contextParameter name="MySQL1_Port" prompt="MySQL1_Port?" promptNeeded="false" type="id_String" value="3306" source="MySQL1_New"/>
        <contextParameter name="MySQL1_Login" prompt="MySQL1_Login?" promptNeeded="false" type="id_String" value="root" source="MySQL1_New"/>
        <contextParameter name="MySQL1_Server" prompt="MySQL1_Server?" promptNeeded="false" type="id_String" value="127.0.0.1" source="MySQL1_New"/>
        <contextParameter name="MySQL1_Database" prompt="MySQL1_Database?" promptNeeded="false" type="id_String" value="food_inspection" source="MySQL1_New"/>
        <contextParameter name="StartDate" prompt="StartDate?" promptNeeded="true" type="id_Date" value="2008-10-19 20:15:20"/>
        <contextParameter name="FoodInspection_File" prompt="FoodInspection_File?" promptNeeded="false" type="id_File" value="C:/Users/prami/Downloads/Food_Facility_Inspections.csv"/>
        <contextParameter name="MSSQL_New_Login" prompt="MSSQL_New_Login?" promptNeeded="false" type="id_String" value="localhost" source="MSSQL_New"/>
        <contextParameter name="MSSQL_New_Server" prompt="MSSQL_New_Server?" promptNeeded="false" type="id_String" value="MUSKAN" source="MSSQL_New"/>
        <contextParameter name="MSSQL_New_Database" prompt="MSSQL_New_Database?" promptNeeded="false" type="id_String" value="food_inspection" source="MSSQL_New"/>
        <contextParameter name="MSSQL_New_Schema" prompt="MSSQL_New_Schema?" promptNeeded="false" type="id_String" value="" source="MSSQL_New"/>
        <contextParameter name="MSSQL_New_Password" prompt="MSSQL_New_Password?" promptNeeded="false" type="id_Password" value="************" source="MSSQL_New"/>
        <contextParameter name="MSSQL_New_Port" prompt="MSSQL_New_Port?" promptNeeded="false" type="id_String" value="1433" source="MSSQL_New"/>
        <contextParameter name="MSSQL_New_AdditionalParams" prompt="MSSQL_New_AdditionalParams?" promptNeeded="false" type="id_String" value="" source="MSSQL_New"/>
        <contextParameter name="MySQL_p_Database" prompt="MySQL_p_Database?" promptNeeded="false" type="id_String" value="food_inspection" source="MySQL_p"/>
        <contextParameter name="MySQL_p_Login" prompt="MySQL_p_Login?" promptNeeded="false" type="id_String" value="root" source="MySQL_p"/>
        <contextParameter name="MySQL_p_AdditionalParams" prompt="MySQL_p_AdditionalParams?" promptNeeded="false" type="id_String" value="noDatetimeStringSync=true&amp;enabledTLSProtocols=TLSv1.2,TLSv1.1,TLSv1" source="MySQL_p"/>
        <contextParameter name="MySQL_p_Server" prompt="MySQL_p_Server?" promptNeeded="false" type="id_String" value="localhost" source="MySQL_p"/>
        <contextParameter name="MySQL_p_Port" prompt="MySQL_p_Port?" promptNeeded="false" type="id_String" value="3306" source="MySQL_p"/>
        <contextParameter name="MySQL_p_Password" prompt="MySQL_p_Password?" promptNeeded="false" type="id_Password" value="***********" source="MySQL_p"/>
        <contextParameter name="MSSQL_p_Port" prompt="MSSQL_p_Port?" promptNeeded="false" type="id_String" value="1433" source="MSSQL_p"/>
        <contextParameter name="MSSQL_p_Schema" prompt="MSSQL_p_Schema?" promptNeeded="false" type="id_String" value="" source="MSSQL_p"/>
        <contextParameter name="MSSQL_p_Database" prompt="MSSQL_p_Database?" promptNeeded="false" type="id_String" value="food_inspection" source="MSSQL_p"/>
        <contextParameter name="MSSQL_p_Password" prompt="MSSQL_p_Password?" promptNeeded="false" type="id_Password" value="***" source="MSSQL_p"/>
        <contextParameter name="MSSQL_p_Server" prompt="MSSQL_p_Server?" promptNeeded="false" type="id_String" value="localhost" source="MSSQL_p"/>
        <contextParameter name="MSSQL_p_Login" prompt="MSSQL_p_Login?" promptNeeded="false" type="id_String" value="localhost" source="MSSQL_p"/>
        <contextParameter name="MSSQL_p_AdditionalParams" prompt="MSSQL_p_AdditionalParams?" promptNeeded="false" type="id_String" value="" source="MSSQL_p"/>
      </context>
      <context name="Production">
        <contextParameter name="MySQL1_Password" prompt="MySQL1_Password?" promptNeeded="false" type="id_Password" value="**********" source="MySQL1_New"/>
        <contextParameter name="MySQL1_AdditionalParams" prompt="MySQL1_AdditionalParams?" promptNeeded="false" type="id_String" value="noDatetimeStringSync=true&amp;enabledTLSProtocols=TLSv1.2,TLSv1.1,TLSv1" source="MySQL1_New"/>
        <contextParameter name="MySQL1_Port" prompt="MySQL1_Port?" promptNeeded="false" type="id_String" value="3306" source="MySQL1_New"/>
        <contextParameter name="MySQL1_Login" prompt="MySQL1_Login?" promptNeeded="false" type="id_String" value="root" source="MySQL1_New"/>
        <contextParameter name="MySQL1_Server" prompt="MySQL1_Server?" promptNeeded="false" type="id_String" value="127.0.0.1" source="MySQL1_New"/>
        <contextParameter name="MySQL1_Database" prompt="MySQL1_Database?" promptNeeded="false" type="id_String" value="food_inspection" source="MySQL1_New"/>
        <contextParameter name="StartDate" prompt="StartDate?" promptNeeded="true" type="id_Date" value="2008-10-19 20:14:08"/>
        <contextParameter name="FoodInspection_File" prompt="FoodInspection_File?" promptNeeded="false" type="id_File" value="C:/Users/prami/Downloads/Food_Facility_Inspections.csv"/>
        <contextParameter name="MSSQL_New_Login" prompt="MSSQL_New_Login?" promptNeeded="false" type="id_String" value="localhost" source="MSSQL_New"/>
        <contextParameter name="MSSQL_New_Server" prompt="MSSQL_New_Server?" promptNeeded="false" type="id_String" value="MUSKAN" source="MSSQL_New"/>
        <contextParameter name="MSSQL_New_Database" prompt="MSSQL_New_Database?" promptNeeded="false" type="id_String" value="food_inspection" source="MSSQL_New"/>
        <contextParameter name="MSSQL_New_Schema" prompt="MSSQL_New_Schema?" promptNeeded="false" type="id_String" value="" source="MSSQL_New"/>
        <contextParameter name="MSSQL_New_Password" prompt="MSSQL_New_Password?" promptNeeded="false" type="id_Password" value="************" source="MSSQL_New"/>
        <contextParameter name="MSSQL_New_Port" prompt="MSSQL_New_Port?" promptNeeded="false" type="id_String" value="1433" source="MSSQL_New"/>
        <contextParameter name="MSSQL_New_AdditionalParams" prompt="MSSQL_New_AdditionalParams?" promptNeeded="false" type="id_String" value="" source="MSSQL_New"/>
        <contextParameter name="MySQL_p_Database" prompt="MySQL_p_Database?" promptNeeded="false" type="id_String" value="food_inspection" source="MySQL_p"/>
        <contextParameter name="MySQL_p_Login" prompt="MySQL_p_Login?" promptNeeded="false" type="id_String" value="root" source="MySQL_p"/>
        <contextParameter name="MySQL_p_AdditionalParams" prompt="MySQL_p_AdditionalParams?" promptNeeded="false" type="id_String" value="noDatetimeStringSync=true&amp;enabledTLSProtocols=TLSv1.2,TLSv1.1,TLSv1" source="MySQL_p"/>
        <contextParameter name="MySQL_p_Server" prompt="MySQL_p_Server?" promptNeeded="false" type="id_String" value="localhost" source="MySQL_p"/>
        <contextParameter name="MySQL_p_Port" prompt="MySQL_p_Port?" promptNeeded="false" type="id_String" value="3306" source="MySQL_p"/>
        <contextParameter name="MySQL_p_Password" prompt="MySQL_p_Password?" promptNeeded="false" type="id_Password" value="***********" source="MySQL_p"/>
        <contextParameter name="MSSQL_p_Port" prompt="MSSQL_p_Port?" promptNeeded="false" type="id_String" value="1433" source="MSSQL_p"/>
        <contextParameter name="MSSQL_p_Schema" prompt="MSSQL_p_Schema?" promptNeeded="false" type="id_String" value="" source="MSSQL_p"/>
        <contextParameter name="MSSQL_p_Database" prompt="MSSQL_p_Database?" promptNeeded="false" type="id_String" value="food_inspection" source="MSSQL_p"/>
        <contextParameter name="MSSQL_p_Password" prompt="MSSQL_p_Password?" promptNeeded="false" type="id_Password" value="***" source="MSSQL_p"/>
        <contextParameter name="MSSQL_p_Server" prompt="MSSQL_p_Server?" promptNeeded="false" type="id_String" value="localhost" source="MSSQL_p"/>
        <contextParameter name="MSSQL_p_Login" prompt="MSSQL_p_Login?" promptNeeded="false" type="id_String" value="localhost" source="MSSQL_p"/>
        <contextParameter name="MSSQL_p_AdditionalParams" prompt="MSSQL_p_AdditionalParams?" promptNeeded="false" type="id_String" value="" source="MSSQL_p"/>
      </context>
      <context name="Test">
        <contextParameter name="MySQL1_Password" prompt="MySQL1_Password?" promptNeeded="false" type="id_Password" value="**********" source="MySQL1_New"/>
        <contextParameter name="MySQL1_AdditionalParams" prompt="MySQL1_AdditionalParams?" promptNeeded="false" type="id_String" value="noDatetimeStringSync=true&amp;enabledTLSProtocols=TLSv1.2,TLSv1.1,TLSv1" source="MySQL1_New"/>
        <contextParameter name="MySQL1_Port" prompt="MySQL1_Port?" promptNeeded="false" type="id_String" value="3306" source="MySQL1_New"/>
        <contextParameter name="MySQL1_Login" prompt="MySQL1_Login?" promptNeeded="false" type="id_String" value="root" source="MySQL1_New"/>
        <contextParameter name="MySQL1_Server" prompt="MySQL1_Server?" promptNeeded="false" type="id_String" value="127.0.0.1" source="MySQL1_New"/>
        <contextParameter name="MySQL1_Database" prompt="MySQL1_Database?" promptNeeded="false" type="id_String" value="food_inspection" source="MySQL1_New"/>
        <contextParameter name="StartDate" prompt="StartDate?" promptNeeded="true" type="id_Date" value="2008-10-19 20:14:08"/>
        <contextParameter name="FoodInspection_File" prompt="FoodInspection_File?" promptNeeded="false" type="id_File" value="C:/Users/prami/Downloads/Food_Facility_Inspections.csv"/>
        <contextParameter name="MSSQL_New_Login" prompt="MSSQL_New_Login?" promptNeeded="false" type="id_String" value="localhost" source="MSSQL_New"/>
        <contextParameter name="MSSQL_New_Server" prompt="MSSQL_New_Server?" promptNeeded="false" type="id_String" value="MUSKAN" source="MSSQL_New"/>
        <contextParameter name="MSSQL_New_Database" prompt="MSSQL_New_Database?" promptNeeded="false" type="id_String" value="food_inspection" source="MSSQL_New"/>
        <contextParameter name="MSSQL_New_Schema" prompt="MSSQL_New_Schema?" promptNeeded="false" type="id_String" value="" source="MSSQL_New"/>
        <contextParameter name="MSSQL_New_Password" prompt="MSSQL_New_Password?" promptNeeded="false" type="id_Password" value="************" source="MSSQL_New"/>
        <contextParameter name="MSSQL_New_Port" prompt="MSSQL_New_Port?" promptNeeded="false" type="id_String" value="1433" source="MSSQL_New"/>
        <contextParameter name="MSSQL_New_AdditionalParams" prompt="MSSQL_New_AdditionalParams?" promptNeeded="false" type="id_String" value="" source="MSSQL_New"/>
        <contextParameter name="MySQL_p_Database" prompt="MySQL_p_Database?" promptNeeded="false" type="id_String" value="food_inspection" source="MySQL_p"/>
        <contextParameter name="MySQL_p_Login" prompt="MySQL_p_Login?" promptNeeded="false" type="id_String" value="root" source="MySQL_p"/>
        <contextParameter name="MySQL_p_AdditionalParams" prompt="MySQL_p_AdditionalParams?" promptNeeded="false" type="id_String" value="noDatetimeStringSync=true&amp;enabledTLSProtocols=TLSv1.2,TLSv1.1,TLSv1" source="MySQL_p"/>
        <contextParameter name="MySQL_p_Server" prompt="MySQL_p_Server?" promptNeeded="false" type="id_String" value="localhost" source="MySQL_p"/>
        <contextParameter name="MySQL_p_Port" prompt="MySQL_p_Port?" promptNeeded="false" type="id_String" value="3306" source="MySQL_p"/>
        <contextParameter name="MySQL_p_Password" prompt="MySQL_p_Password?" promptNeeded="false" type="id_Password" value="***********" source="MySQL_p"/>
        <contextParameter name="MSSQL_p_Port" prompt="MSSQL_p_Port?" promptNeeded="false" type="id_String" value="1433" source="MSSQL_p"/>
        <contextParameter name="MSSQL_p_Schema" prompt="MSSQL_p_Schema?" promptNeeded="false" type="id_String" value="" source="MSSQL_p"/>
        <contextParameter name="MSSQL_p_Database" prompt="MSSQL_p_Database?" promptNeeded="false" type="id_String" value="food_inspection" source="MSSQL_p"/>
        <contextParameter name="MSSQL_p_Password" prompt="MSSQL_p_Password?" promptNeeded="false" type="id_Password" value="***" source="MSSQL_p"/>
        <contextParameter name="MSSQL_p_Server" prompt="MSSQL_p_Server?" promptNeeded="false" type="id_String" value="localhost" source="MSSQL_p"/>
        <contextParameter name="MSSQL_p_Login" prompt="MSSQL_p_Login?" promptNeeded="false" type="id_String" value="localhost" source="MSSQL_p"/>
        <contextParameter name="MSSQL_p_AdditionalParams" prompt="MSSQL_p_AdditionalParams?" promptNeeded="false" type="id_String" value="" source="MSSQL_p"/>
      </context>
    </contextList>
    <jobSetting>
      <extra>
        <jobParameter name="COMP_DEFAULT_FILE_DIR" value=""/>
        <jobParameter name="Multi thread execution" value="false"/>
        <jobParameter name="Implicit tContextLoad" value="false"/>
      </extra>
      <Statslogs>
        <jobParameter name="Use statistics (tStatCatcher)" value="false"/>
        <jobParameter name="Use logs (tLogCatcher)" value="false"/>
        <jobParameter name="Use volumetrics (tFlowMeterCatcher)" value="false"/>
        <jobParameter name="On Console" value="false"/>
        <jobParameter name="On Files" value="false"/>
        <jobParameter name="On Databases" value="false"/>
        <jobParameter name="Catch components statistics" value="false"/>
        <jobParameter name="Catch runtime errors" value="true"/>
        <jobParameter name="Catch user errors" value="true"/>
        <jobParameter name="Catch user warnings" value="true"/>
      </Statslogs>
    </jobSetting>
    <componentList>
      <componentItem name="tDBOutput_1" link="tDBOutput_1" type="tMysqlOutput" leftTopX="832" leftTopY="96" rightBottomX="864" rightBottomY="128"/>
      <componentItem name="tDBOutput_2" link="tDBOutput_2" type="tMSSqlOutput" leftTopX="832" leftTopY="256" rightBottomX="864" rightBottomY="288"/>
      <componentItem name="tMap_1" link="tMap_1" type="tMap" leftTopX="512" leftTopY="96" rightBottomX="544" rightBottomY="128"/>
      <componentItem name="tRowGenerator_1" link="tRowGenerator_1" type="tRowGenerator" leftTopX="288" leftTopY="96" rightBottomX="320" rightBottomY="128"/>
    </componentList>
    <internalNodeComponents>
      <component icon="pictures/tDBOutput_1.png" uniqueName="tDBOutput_1" label="MySQL_p">
        <input link="tMap_1">tMap_1</input>
        <output>none</output>
        <componentType>tMysqlOutput</componentType>
        <parameters>
          <column name="Database" value="tMysqlOutput"/>
          <column name="Unique Name" value="tDBOutput_1"/>
          <column name="Component Name" value="tMysqlOutput"/>
          <column name="Version" value="0.102 (ALPHA)"/>
          <column name="Family" value="Databases/DB Specifics/MySQL"/>
          <column name="Startable" value="false"/>
          <column name="SUBTREE_START" value="false"/>
          <column name="END_OF_FLOW" value="true"/>
          <column name="Activate" value="true"/>
          <column name="DUMMY" value="false"/>
          <column name="tStatCatcher Statistics" value="false"/>
          <column name="Help" value="org.talend.help.tMysqlOutput"/>
          <column name="Update components" value="true"/>
          <column name="IREPORT_PATH" value=""/>
          <column name="JAVA_LIBRARY_PATH" value="C:\Program Files (x86)\Talend-Studio\studio\configuration\lib\java"/>
          <column name="Subjob color" value=""/>
          <column name="Title color" value=""/>
          <column name="Enable parallel execution" value="false"/>
          <column name="Number of parallel executions" value="2"/>
          <column name="PARALLELIZE_KEEP_EMPTY" value="false"/>
          <column name="Property Type" value="repository: DB (MYSQL):MySQL_p"/>
          <column name="DB Version" value="MYSQL_8"/>
          <column name="Use an existing connection" value="false"/>
          <column name="Component List" value=""/>
          <column name="Database Driver" value="MYSQL"/>
          <column name="Host" value="context.MySQL_p_Server"/>
          <column name="Port" value="context.MySQL_p_Port"/>
          <column name="Database" value="context.MySQL_p_Database"/>
          <column name="Username" value="context.MySQL_p_Login"/>
          <column name="Password" value="context.MySQL_p_Password"/>
          <column name="Table" value="&quot;DIM_Date&quot;"/>
          <column name="Action on table" value="DROP_IF_EXISTS_AND_CREATE"/>
          <column name="Action on data" value="INSERT_OR_UPDATE"/>
          <column name="REPOSITORY_ALLOW_AUTO_SWITCH" value="true"/>
          <column name="Schema" value="Built-In"/>
          <column name="Reject Schema" value="Built-In"/>
          <column name="Specify a data source alias" value="false"/>
          <column name="Data source alias" value="&quot;&quot;"/>
          <column name="Die on error" value="false"/>
          <column name="Mapping" value="mysql_id"/>
          <column name="Additional JDBC Parameters" value="context.MySQL_p_AdditionalParams"/>
          <column name="Extend Insert" value="true"/>
          <column name="Number of rows per insert" value="100"/>
          <column name="Use Batch Size" value="true"/>
          <column name="Batch Size" value="10000"/>
          <column name="Encoding" value="&quot;ISO-8859-15&quot;"/>
          <column name="Commit every" value="10000"/>
          <column name="Additional columns" value="[]"/>
          <column name="Use field options" value="false"/>
          <column name="Field options" value="[{SCHEMA_COLUMN=DateSK, UPDATE_KEY=false, DELETE_KEY=false, UPDATABLE=true, INSERTABLE=true}, {SCHEMA_COLUMN=Day_Num, UPDATE_KEY=false, DELETE_KEY=false, UPDATABLE=true, INSERTABLE=true}, {SCHEMA_COLUMN=Day_Str, UPDATE_KEY=false, DELETE_KEY=false, UPDATABLE=true, INSERTABLE=true}, {SCHEMA_COLUMN=Month_Num, UPDATE_KEY=false, DELETE_KEY=false, UPDATABLE=true, INSERTABLE=true}, {SCHEMA_COLUMN=Month_Str, UPDATE_KEY=false, DELETE_KEY=false, UPDATABLE=true, INSERTABLE=true}, {SCHEMA_COLUMN=Year_Num, UPDATE_KEY=false, DELETE_KEY=false, UPDATABLE=true, INSERTABLE=true}, {SCHEMA_COLUMN=Week, UPDATE_KEY=false, DELETE_KEY=false, UPDATABLE=true, INSERTABLE=true}, {SCHEMA_COLUMN=Quarter, UPDATE_KEY=false, DELETE_KEY=false, UPDATABLE=true, INSERTABLE=true}, {SCHEMA_COLUMN=dt, UPDATE_KEY=false, DELETE_KEY=false, UPDATABLE=true, INSERTABLE=true}, {SCHEMA_COLUMN=DI_CreatedDate, UPDATE_KEY=false, DELETE_KEY=false, UPDATABLE=true, INSERTABLE=true}, {SCHEMA_COLUMN=DI_WorkflowFileName, UPDATE_KEY=false, DELETE_KEY=false, UPDATABLE=true, INSERTABLE=true}, {SCHEMA_COLUMN=DI_Workflow_ProcessID, UPDATE_KEY=false, DELETE_KEY=false, UPDATABLE=true, INSERTABLE=true}]"/>
          <column name="Use Hint Options" value="false"/>
          <column name="Hint Options" value="[]"/>
          <column name="Debug query mode" value="false"/>
          <column name="Use duplicate key update mode insert" value="false"/>
          <column name="DUPLICATED_KEYS" value="[]"/>
          <column name="Support null in &quot;SQL WHERE&quot; statement" value="false"/>
          <column name="Label format" value="MySQL_p"/>
          <column name="Hint format" value="&lt;b&gt;__UNIQUE_NAME__&lt;/b&gt;&lt;br&gt;__COMMENT__"/>
          <column name="Connection format" value="row"/>
          <column name="Show Information" value="false"/>
          <column name="Comment" value=""/>
          <column name="Use an existing validation rule" value="false"/>
          <column name="Validation Rule Type" value=""/>
        </parameters>
        <schemas>
          <schema name="stg_food_inspection">
            <column name="DateSK" key="true" type="Integer" length="100" precision="" nullable="true" comment=""/>
            <column name="Day_Num" key="false" type="Integer" length="100" precision="" nullable="true" comment=""/>
            <column name="Day_Str" key="false" type="String" length="100" precision="" nullable="true" comment=""/>
            <column name="Month_Num" key="false" type="Integer" length="100" precision="" nullable="true" comment=""/>
            <column name="Month_Str" key="false" type="String" length="100" precision="" nullable="true" comment=""/>
            <column name="Year_Num" key="false" type="Integer" length="100" precision="" nullable="true" comment=""/>
            <column name="Week" key="false" type="String" length="100" precision="" nullable="true" comment=""/>
            <column name="Quarter" key="false" type="String" length="100" precision="" nullable="true" comment=""/>
            <column name="dt" key="false" type="java.util.Date" length="" precision="" nullable="true" comment=""/>
            <column name="DI_CreatedDate" key="false" type="java.util.Date" length="100" precision="" nullable="true" comment=""/>
            <column name="DI_WorkflowFileName" key="false" type="String" length="100" precision="" nullable="true" comment=""/>
            <column name="DI_Workflow_ProcessID" key="false" type="String" length="100" precision="" nullable="true" comment=""/>
          </schema>
        </schemas>
      </component>
      <component icon="pictures/tDBOutput_2.png" uniqueName="tDBOutput_2" label="MSSQL_New">
        <input link="tMap_1">tMap_1</input>
        <output>none</output>
        <componentType>tMSSqlOutput</componentType>
        <parameters>
          <column name="Database" value="tMSSqlOutput"/>
          <column name="Unique Name" value="tDBOutput_2"/>
          <column name="Component Name" value="tMSSqlOutput"/>
          <column name="Version" value="0.102 (ALPHA)"/>
          <column name="Family" value="Databases/DB Specifics/MS_SQL_Server"/>
          <column name="Startable" value="false"/>
          <column name="SUBTREE_START" value="false"/>
          <column name="END_OF_FLOW" value="true"/>
          <column name="Activate" value="true"/>
          <column name="DUMMY" value="false"/>
          <column name="tStatCatcher Statistics" value="false"/>
          <column name="Help" value="org.talend.help.tMSSqlOutput"/>
          <column name="Update components" value="true"/>
          <column name="IREPORT_PATH" value=""/>
          <column name="JAVA_LIBRARY_PATH" value="C:\Program Files (x86)\Talend-Studio\studio\configuration\lib\java"/>
          <column name="Subjob color" value=""/>
          <column name="Title color" value=""/>
          <column name="Enable parallel execution" value="false"/>
          <column name="Number of parallel executions" value="2"/>
          <column name="PARALLELIZE_KEEP_EMPTY" value="false"/>
          <column name="Property Type" value="repository: DB (MSSQL):MSSQL_p"/>
          <column name="Use an existing connection" value="false"/>
          <column name="Component List" value=""/>
          <column name="JDBC Provider" value="JTDS"/>
          <column name="Host" value="context.MSSQL_p_Server"/>
          <column name="Port" value="context.MSSQL_p_Port"/>
          <column name="Schema" value="context.MSSQL_p_Schema"/>
          <column name="Database" value="context.MSSQL_p_Database"/>
          <column name="Database Driver" value="MSSQL"/>
          <column name="Username" value="context.MSSQL_p_Login"/>
          <column name="Password" value="context.MSSQL_p_Password"/>
          <column name="Table" value="&quot;DIM_Date&quot;"/>
          <column name="Action on table" value="DROP_IF_EXISTS_AND_CREATE"/>
          <column name="Turn on identity insert" value="false"/>
          <column name="Action on data" value="INSERT_OR_UPDATE"/>
          <column name="Specify identity field" value="false"/>
          <column name="Identity field" value="DateSK"/>
          <column name="Start value" value="1"/>
          <column name="Step" value="1"/>
          <column name="REPOSITORY_ALLOW_AUTO_SWITCH" value="true"/>
          <column name="Schema" value="Built-In"/>
          <column name="Reject Schema" value="Built-In"/>
          <column name="Specify a data source alias" value="false"/>
          <column name="Data source alias" value="&quot;&quot;"/>
          <column name="Die on error" value="false"/>
          <column name="Mapping" value="id_MSSQL"/>
          <column name="Additional JDBC Parameters" value="context.MSSQL_p_AdditionalParams"/>
          <column name="Authenticate using Azure Active Directory" value="false"/>
          <column name="Use alternate schema" value="false"/>
          <column name="Schema" value="&quot;&quot;"/>
          <column name="Encoding" value="&quot;ISO-8859-15&quot;"/>
          <column name="Commit every" value="10000"/>
          <column name="Additional columns" value="[]"/>
          <column name="Use field options" value="false"/>
          <column name="Field options" value="[{SCHEMA_COLUMN=DateSK, UPDATE_KEY=false, DELETE_KEY=false, UPDATABLE=true, INSERTABLE=true}, {SCHEMA_COLUMN=Day_Num, UPDATE_KEY=false, DELETE_KEY=false, UPDATABLE=true, INSERTABLE=true}, {SCHEMA_COLUMN=Day_Str, UPDATE_KEY=false, DELETE_KEY=false, UPDATABLE=true, INSERTABLE=true}, {SCHEMA_COLUMN=Month_Num, UPDATE_KEY=false, DELETE_KEY=false, UPDATABLE=true, INSERTABLE=true}, {SCHEMA_COLUMN=Month_Str, UPDATE_KEY=false, DELETE_KEY=false, UPDATABLE=true, INSERTABLE=true}, {SCHEMA_COLUMN=Year_Num, UPDATE_KEY=false, DELETE_KEY=false, UPDATABLE=true, INSERTABLE=true}, {SCHEMA_COLUMN=Week, UPDATE_KEY=false, DELETE_KEY=false, UPDATABLE=true, INSERTABLE=true}, {SCHEMA_COLUMN=Quarter, UPDATE_KEY=false, DELETE_KEY=false, UPDATABLE=true, INSERTABLE=true}, {SCHEMA_COLUMN=dt, UPDATE_KEY=false, DELETE_KEY=false, UPDATABLE=true, INSERTABLE=true}, {SCHEMA_COLUMN=DI_CreatedDate, UPDATE_KEY=false, DELETE_KEY=false, UPDATABLE=true, INSERTABLE=true}, {SCHEMA_COLUMN=DI_WorkflowFileName, UPDATE_KEY=false, DELETE_KEY=false, UPDATABLE=true, INSERTABLE=true}, {SCHEMA_COLUMN=DI_Workflow_ProcessID, UPDATE_KEY=false, DELETE_KEY=false, UPDATABLE=true, INSERTABLE=true}]"/>
          <column name="Ignore date out of range" value="false"/>
          <column name="Debug query mode" value="false"/>
          <column name="Support null in &quot;SQL WHERE&quot; statement" value="false"/>
          <column name="Use Batch Size" value="true"/>
          <column name="Batch Size" value="10000"/>
          <column name="Set Query Timeout" value="false"/>
          <column name="Timeout (seconds)" value="30"/>
          <column name="Label format" value="MSSQL_New"/>
          <column name="Hint format" value="&lt;b&gt;__UNIQUE_NAME__&lt;/b&gt;&lt;br&gt;__COMMENT__"/>
          <column name="Connection format" value="row"/>
          <column name="Show Information" value="false"/>
          <column name="Comment" value=""/>
          <column name="Use an existing validation rule" value="false"/>
          <column name="Validation Rule Type" value=""/>
        </parameters>
        <schemas>
          <schema name="Date_MSSQL">
            <column name="DateSK" key="true" type="Integer" length="100" precision="" nullable="true" comment=""/>
            <column name="Day_Num" key="false" type="Integer" length="100" precision="" nullable="true" comment=""/>
            <column name="Day_Str" key="false" type="String" length="100" precision="" nullable="true" comment=""/>
            <column name="Month_Num" key="false" type="Integer" length="100" precision="" nullable="true" comment=""/>
            <column name="Month_Str" key="false" type="String" length="100" precision="" nullable="true" comment=""/>
            <column name="Year_Num" key="false" type="Integer" length="100" precision="" nullable="true" comment=""/>
            <column name="Week" key="false" type="String" length="100" precision="" nullable="true" comment=""/>
            <column name="Quarter" key="false" type="String" length="100" precision="" nullable="true" comment=""/>
            <column name="dt" key="false" type="java.util.Date" length="" precision="" nullable="true" comment=""/>
            <column name="DI_CreatedDate" key="false" type="java.util.Date" length="100" precision="" nullable="true" comment=""/>
            <column name="DI_WorkflowFileName" key="false" type="String" length="100" precision="" nullable="true" comment=""/>
            <column name="DI_Workflow_ProcessID" key="false" type="String" length="100" precision="" nullable="true" comment=""/>
          </schema>
        </schemas>
      </component>
    </internalNodeComponents>
    <externalNodeComponents>
      <component icon="pictures/tMap_1.png" uniqueName="tMap_1" label="__UNIQUE_NAME__">
        <input link="tRowGenerator_1">tRowGenerator_1</input>
        <output link="tDBOutput_1">tDBOutput_1</output>
        <output link="tDBOutput_2">tDBOutput_2</output>
        <componentType>tMap</componentType>
        <!--tMap_1-->
      </component>
      <component icon="pictures/tRowGenerator_1.png" uniqueName="tRowGenerator_1" label="__UNIQUE_NAME__">
        <input>none</input>
        <output link="tMap_1">tMap_1</output>
        <componentType>tRowGenerator</componentType>
        <!--tRowGenerator_1-->
      </component>
    </externalNodeComponents>
    <connections>
      <connection label="row1" lineStyle="0" metaname="tRowGenerator_1" offsetLabelX="0" offsetLabelY="0" source="tRowGenerator_1" target="tMap_1"/>
      <connection label="Date_MYSQL" lineStyle="0" metaname="Date_MYSQL" offsetLabelX="0" offsetLabelY="0" source="tMap_1" target="tDBOutput_1"/>
      <connection label="Date_MSSQL" lineStyle="0" metaname="Date_MSSQL" offsetLabelX="0" offsetLabelY="0" source="tMap_1" target="tDBOutput_2"/>
    </connections>
  </job>
</project>
