<?xml version="1.1" encoding="UTF-8"?>

<project i18n.job.generated.documetation="Generated documentation" i18n.job.project.name="Project Name" i18n.job.generated.date="GENERATION DATE" i18n.job.author="AUTHOR" i18n.job.summary="Summary" i18n.job.project.description="Project Description" i18n.job.job.description="Description" i18n.job.job.preview.picture="Preview Picture" i18n.job.job.setting="Settings" i18n.job.context.list="Context List" i18n.job.component.list="Component List" i18n.job.components.description="Components Description" i18n.job.source.code="Source Code" i18n.job.properties="Properties" i18n.job.values="Values" i18n.job.name="Name" i18n.job.language="Language" i18n.job.description="Description" i18n.job.author.min="Author" i18n.job.version="Version" i18n.job.purpose="Purpose" i18n.job.status="Status" i18n.job.creation="Creation" i18n.job.modification="Modification" i18n.job.extract.settings="Extra settings" i18n.job.value="Value" i18n.job.stats.logs="Status &amp; Logs" i18n.job.context="Context" i18n.job.promt="Prompt" i18n.job.need.promt="Need Prompt?" i18n.job.type="Type" i18n.job.source="Source" i18n.job.component.name="Component Name" i18n.job.component.type="Component Type" i18n.job.component="Component" i18n.job.unique.name="UNIQUE NAME" i18n.job.input="INPUT(S)" i18n.job.label="LABEL" i18n.job.output="OUTPUT(S)" i18n.job.component.parameters="Component Parameters:" i18n.job.schema.for="Schema for " i18n.job.column="Column" i18n.job.key="Key" i18n.job.length="Length" i18n.job.precision="Precision" i18n.job.nullable="Nullable" i18n.job.comment="Comment" i18n.job.original.function.parameters="Original Function Parameters:" i18n.job.ended="ended" i18n.job.content="content" i18n.route.manifest.type="Type" i18n.route.manifest.value="Value" i18n.route.resource.name="Name" i18n.route.resource.version="Version" i18n.route.resource.path="Path" name="midterm" logo="pictures/logo.jpg" title="Generated by Talend Cloud Data Fabric" link="http://www.talend.com" language="java" generatedDate="Oct 22, 2023, 5:26:02 PM" versionName="Talend Cloud VERSION " version="8.0.1.20220923_1236-patch" docType="Jobs" company="">
  <pro-description><![CDATA[]]></pro-description>
  <job name="DIM_RestaurantDetails" author="sandhyan.p@northeastern.edu" i18n.job.extract.settings.type="i18n.job.extract.settings" i18n.job.stats.logs.type="i18n.job.stats.logs" version="0.1" purpose="" status="" creation="Oct 15, 2023, 3:14:47 PM" modification="Oct 22, 2023, 5:18:36 PM">
    <description><![CDATA[<br/>]]></description>
    <preview picture="pictures/DIM_RestaurantDetails_0.1.png"/>
    <contextList>
      <context name="Default">
        <contextParameter name="MySQL1_Password" prompt="MySQL1_Password?" promptNeeded="false" type="id_Password" value="**********" source="MySQL1_New"/>
        <contextParameter name="MySQL1_AdditionalParams" prompt="MySQL1_AdditionalParams?" promptNeeded="false" type="id_String" value="noDatetimeStringSync=true&amp;enabledTLSProtocols=TLSv1.2,TLSv1.1,TLSv1" source="MySQL1_New"/>
        <contextParameter name="MySQL1_Port" prompt="MySQL1_Port?" promptNeeded="false" type="id_String" value="3306" source="MySQL1_New"/>
        <contextParameter name="MySQL1_Login" prompt="MySQL1_Login?" promptNeeded="false" type="id_String" value="root" source="MySQL1_New"/>
        <contextParameter name="MySQL1_Server" prompt="MySQL1_Server?" promptNeeded="false" type="id_String" value="127.0.0.1" source="MySQL1_New"/>
        <contextParameter name="MySQL1_Database" prompt="MySQL1_Database?" promptNeeded="false" type="id_String" value="food_inspection" source="MySQL1_New"/>
        <contextParameter name="foodInspection_file" prompt="foodInspection_file?" promptNeeded="false" type="id_File" value="C:/Users/prami/Downloads/Food_Facility_Inspections.csv"/>
        <contextParameter name="MSSQL_New_Login" prompt="MSSQL_New_Login?" promptNeeded="false" type="id_String" value="localhost" source="MSSQL_New"/>
        <contextParameter name="MSSQL_New_Server" prompt="MSSQL_New_Server?" promptNeeded="false" type="id_String" value="MUSKAN" source="MSSQL_New"/>
        <contextParameter name="MSSQL_New_Database" prompt="MSSQL_New_Database?" promptNeeded="false" type="id_String" value="food_inspection" source="MSSQL_New"/>
        <contextParameter name="MSSQL_New_Schema" prompt="MSSQL_New_Schema?" promptNeeded="false" type="id_String" value="" source="MSSQL_New"/>
        <contextParameter name="MSSQL_New_Password" prompt="MSSQL_New_Password?" promptNeeded="false" type="id_Password" value="************" source="MSSQL_New"/>
        <contextParameter name="MSSQL_New_Port" prompt="MSSQL_New_Port?" promptNeeded="false" type="id_String" value="1433" source="MSSQL_New"/>
        <contextParameter name="MSSQL_New_AdditionalParams" prompt="MSSQL_New_AdditionalParams?" promptNeeded="false" type="id_String" value="" source="MSSQL_New"/>
        <contextParameter name="MySQL_p_Database" prompt="MySQL_p_Database?" promptNeeded="false" type="id_String" value="food_inspection" source="MySQL_p"/>
        <contextParameter name="MySQL_p_Login" prompt="MySQL_p_Login?" promptNeeded="false" type="id_String" value="root" source="MySQL_p"/>
        <contextParameter name="MySQL_p_AdditionalParams" prompt="MySQL_p_AdditionalParams?" promptNeeded="false" type="id_String" value="noDatetimeStringSync=true&amp;enabledTLSProtocols=TLSv1.2,TLSv1.1,TLSv1" source="MySQL_p"/>
        <contextParameter name="MySQL_p_Server" prompt="MySQL_p_Server?" promptNeeded="false" type="id_String" value="localhost" source="MySQL_p"/>
        <contextParameter name="MySQL_p_Port" prompt="MySQL_p_Port?" promptNeeded="false" type="id_String" value="3306" source="MySQL_p"/>
        <contextParameter name="MySQL_p_Password" prompt="MySQL_p_Password?" promptNeeded="false" type="id_Password" value="***********" source="MySQL_p"/>
        <contextParameter name="MSSQL_p_Port" prompt="MSSQL_p_Port?" promptNeeded="false" type="id_String" value="1433" source="MSSQL_p"/>
        <contextParameter name="MSSQL_p_Schema" prompt="MSSQL_p_Schema?" promptNeeded="false" type="id_String" value="" source="MSSQL_p"/>
        <contextParameter name="MSSQL_p_Database" prompt="MSSQL_p_Database?" promptNeeded="false" type="id_String" value="food_inspection" source="MSSQL_p"/>
        <contextParameter name="MSSQL_p_Password" prompt="MSSQL_p_Password?" promptNeeded="false" type="id_Password" value="***" source="MSSQL_p"/>
        <contextParameter name="MSSQL_p_Server" prompt="MSSQL_p_Server?" promptNeeded="false" type="id_String" value="localhost" source="MSSQL_p"/>
        <contextParameter name="MSSQL_p_Login" prompt="MSSQL_p_Login?" promptNeeded="false" type="id_String" value="localhost" source="MSSQL_p"/>
        <contextParameter name="MSSQL_p_AdditionalParams" prompt="MSSQL_p_AdditionalParams?" promptNeeded="false" type="id_String" value="" source="MSSQL_p"/>
      </context>
      <context name="Test">
        <contextParameter name="MySQL1_Password" prompt="MySQL1_Password?" promptNeeded="false" type="id_Password" value="**********" source="MySQL1_New"/>
        <contextParameter name="MySQL1_AdditionalParams" prompt="MySQL1_AdditionalParams?" promptNeeded="false" type="id_String" value="noDatetimeStringSync=true&amp;enabledTLSProtocols=TLSv1.2,TLSv1.1,TLSv1" source="MySQL1_New"/>
        <contextParameter name="MySQL1_Port" prompt="MySQL1_Port?" promptNeeded="false" type="id_String" value="3306" source="MySQL1_New"/>
        <contextParameter name="MySQL1_Login" prompt="MySQL1_Login?" promptNeeded="false" type="id_String" value="root" source="MySQL1_New"/>
        <contextParameter name="MySQL1_Server" prompt="MySQL1_Server?" promptNeeded="false" type="id_String" value="127.0.0.1" source="MySQL1_New"/>
        <contextParameter name="MySQL1_Database" prompt="MySQL1_Database?" promptNeeded="false" type="id_String" value="food_inspection" source="MySQL1_New"/>
        <contextParameter name="foodInspection_file" prompt="foodInspection_file?" promptNeeded="false" type="id_File" value="C:/Users/prami/Downloads/Food_Facility_Inspections.csv"/>
        <contextParameter name="MSSQL_New_Login" prompt="MSSQL_New_Login?" promptNeeded="false" type="id_String" value="localhost" source="MSSQL_New"/>
        <contextParameter name="MSSQL_New_Server" prompt="MSSQL_New_Server?" promptNeeded="false" type="id_String" value="MUSKAN" source="MSSQL_New"/>
        <contextParameter name="MSSQL_New_Database" prompt="MSSQL_New_Database?" promptNeeded="false" type="id_String" value="food_inspection" source="MSSQL_New"/>
        <contextParameter name="MSSQL_New_Schema" prompt="MSSQL_New_Schema?" promptNeeded="false" type="id_String" value="" source="MSSQL_New"/>
        <contextParameter name="MSSQL_New_Password" prompt="MSSQL_New_Password?" promptNeeded="false" type="id_Password" value="************" source="MSSQL_New"/>
        <contextParameter name="MSSQL_New_Port" prompt="MSSQL_New_Port?" promptNeeded="false" type="id_String" value="1433" source="MSSQL_New"/>
        <contextParameter name="MSSQL_New_AdditionalParams" prompt="MSSQL_New_AdditionalParams?" promptNeeded="false" type="id_String" value="" source="MSSQL_New"/>
        <contextParameter name="MySQL_p_Database" prompt="MySQL_p_Database?" promptNeeded="false" type="id_String" value="food_inspection" source="MySQL_p"/>
        <contextParameter name="MySQL_p_Login" prompt="MySQL_p_Login?" promptNeeded="false" type="id_String" value="root" source="MySQL_p"/>
        <contextParameter name="MySQL_p_AdditionalParams" prompt="MySQL_p_AdditionalParams?" promptNeeded="false" type="id_String" value="noDatetimeStringSync=true&amp;enabledTLSProtocols=TLSv1.2,TLSv1.1,TLSv1" source="MySQL_p"/>
        <contextParameter name="MySQL_p_Server" prompt="MySQL_p_Server?" promptNeeded="false" type="id_String" value="localhost" source="MySQL_p"/>
        <contextParameter name="MySQL_p_Port" prompt="MySQL_p_Port?" promptNeeded="false" type="id_String" value="3306" source="MySQL_p"/>
        <contextParameter name="MySQL_p_Password" prompt="MySQL_p_Password?" promptNeeded="false" type="id_Password" value="***********" source="MySQL_p"/>
        <contextParameter name="MSSQL_p_Port" prompt="MSSQL_p_Port?" promptNeeded="false" type="id_String" value="1433" source="MSSQL_p"/>
        <contextParameter name="MSSQL_p_Schema" prompt="MSSQL_p_Schema?" promptNeeded="false" type="id_String" value="" source="MSSQL_p"/>
        <contextParameter name="MSSQL_p_Database" prompt="MSSQL_p_Database?" promptNeeded="false" type="id_String" value="food_inspection" source="MSSQL_p"/>
        <contextParameter name="MSSQL_p_Password" prompt="MSSQL_p_Password?" promptNeeded="false" type="id_Password" value="***" source="MSSQL_p"/>
        <contextParameter name="MSSQL_p_Server" prompt="MSSQL_p_Server?" promptNeeded="false" type="id_String" value="localhost" source="MSSQL_p"/>
        <contextParameter name="MSSQL_p_Login" prompt="MSSQL_p_Login?" promptNeeded="false" type="id_String" value="localhost" source="MSSQL_p"/>
        <contextParameter name="MSSQL_p_AdditionalParams" prompt="MSSQL_p_AdditionalParams?" promptNeeded="false" type="id_String" value="" source="MSSQL_p"/>
      </context>
      <context name="Production">
        <contextParameter name="MySQL1_Password" prompt="MySQL1_Password?" promptNeeded="false" type="id_Password" value="**********" source="MySQL1_New"/>
        <contextParameter name="MySQL1_AdditionalParams" prompt="MySQL1_AdditionalParams?" promptNeeded="false" type="id_String" value="noDatetimeStringSync=true&amp;enabledTLSProtocols=TLSv1.2,TLSv1.1,TLSv1" source="MySQL1_New"/>
        <contextParameter name="MySQL1_Port" prompt="MySQL1_Port?" promptNeeded="false" type="id_String" value="3306" source="MySQL1_New"/>
        <contextParameter name="MySQL1_Login" prompt="MySQL1_Login?" promptNeeded="false" type="id_String" value="root" source="MySQL1_New"/>
        <contextParameter name="MySQL1_Server" prompt="MySQL1_Server?" promptNeeded="false" type="id_String" value="127.0.0.1" source="MySQL1_New"/>
        <contextParameter name="MySQL1_Database" prompt="MySQL1_Database?" promptNeeded="false" type="id_String" value="food_inspection" source="MySQL1_New"/>
        <contextParameter name="foodInspection_file" prompt="foodInspection_file?" promptNeeded="false" type="id_File" value="C:/Users/prami/Downloads/Food_Facility_Inspections.csv"/>
        <contextParameter name="MSSQL_New_Login" prompt="MSSQL_New_Login?" promptNeeded="false" type="id_String" value="localhost" source="MSSQL_New"/>
        <contextParameter name="MSSQL_New_Server" prompt="MSSQL_New_Server?" promptNeeded="false" type="id_String" value="MUSKAN" source="MSSQL_New"/>
        <contextParameter name="MSSQL_New_Database" prompt="MSSQL_New_Database?" promptNeeded="false" type="id_String" value="food_inspection" source="MSSQL_New"/>
        <contextParameter name="MSSQL_New_Schema" prompt="MSSQL_New_Schema?" promptNeeded="false" type="id_String" value="" source="MSSQL_New"/>
        <contextParameter name="MSSQL_New_Password" prompt="MSSQL_New_Password?" promptNeeded="false" type="id_Password" value="************" source="MSSQL_New"/>
        <contextParameter name="MSSQL_New_Port" prompt="MSSQL_New_Port?" promptNeeded="false" type="id_String" value="1433" source="MSSQL_New"/>
        <contextParameter name="MSSQL_New_AdditionalParams" prompt="MSSQL_New_AdditionalParams?" promptNeeded="false" type="id_String" value="" source="MSSQL_New"/>
        <contextParameter name="MySQL_p_Database" prompt="MySQL_p_Database?" promptNeeded="false" type="id_String" value="food_inspection" source="MySQL_p"/>
        <contextParameter name="MySQL_p_Login" prompt="MySQL_p_Login?" promptNeeded="false" type="id_String" value="root" source="MySQL_p"/>
        <contextParameter name="MySQL_p_AdditionalParams" prompt="MySQL_p_AdditionalParams?" promptNeeded="false" type="id_String" value="noDatetimeStringSync=true&amp;enabledTLSProtocols=TLSv1.2,TLSv1.1,TLSv1" source="MySQL_p"/>
        <contextParameter name="MySQL_p_Server" prompt="MySQL_p_Server?" promptNeeded="false" type="id_String" value="localhost" source="MySQL_p"/>
        <contextParameter name="MySQL_p_Port" prompt="MySQL_p_Port?" promptNeeded="false" type="id_String" value="3306" source="MySQL_p"/>
        <contextParameter name="MySQL_p_Password" prompt="MySQL_p_Password?" promptNeeded="false" type="id_Password" value="***********" source="MySQL_p"/>
        <contextParameter name="MSSQL_p_Port" prompt="MSSQL_p_Port?" promptNeeded="false" type="id_String" value="1433" source="MSSQL_p"/>
        <contextParameter name="MSSQL_p_Schema" prompt="MSSQL_p_Schema?" promptNeeded="false" type="id_String" value="" source="MSSQL_p"/>
        <contextParameter name="MSSQL_p_Database" prompt="MSSQL_p_Database?" promptNeeded="false" type="id_String" value="food_inspection" source="MSSQL_p"/>
        <contextParameter name="MSSQL_p_Password" prompt="MSSQL_p_Password?" promptNeeded="false" type="id_Password" value="***" source="MSSQL_p"/>
        <contextParameter name="MSSQL_p_Server" prompt="MSSQL_p_Server?" promptNeeded="false" type="id_String" value="localhost" source="MSSQL_p"/>
        <contextParameter name="MSSQL_p_Login" prompt="MSSQL_p_Login?" promptNeeded="false" type="id_String" value="localhost" source="MSSQL_p"/>
        <contextParameter name="MSSQL_p_AdditionalParams" prompt="MSSQL_p_AdditionalParams?" promptNeeded="false" type="id_String" value="" source="MSSQL_p"/>
      </context>
      <context name="Development">
        <contextParameter name="MySQL1_Password" prompt="MySQL1_Password?" promptNeeded="false" type="id_Password" value="**********" source="MySQL1_New"/>
        <contextParameter name="MySQL1_AdditionalParams" prompt="MySQL1_AdditionalParams?" promptNeeded="false" type="id_String" value="noDatetimeStringSync=true&amp;enabledTLSProtocols=TLSv1.2,TLSv1.1,TLSv1" source="MySQL1_New"/>
        <contextParameter name="MySQL1_Port" prompt="MySQL1_Port?" promptNeeded="false" type="id_String" value="3306" source="MySQL1_New"/>
        <contextParameter name="MySQL1_Login" prompt="MySQL1_Login?" promptNeeded="false" type="id_String" value="root" source="MySQL1_New"/>
        <contextParameter name="MySQL1_Server" prompt="MySQL1_Server?" promptNeeded="false" type="id_String" value="127.0.0.1" source="MySQL1_New"/>
        <contextParameter name="MySQL1_Database" prompt="MySQL1_Database?" promptNeeded="false" type="id_String" value="food_inspection" source="MySQL1_New"/>
        <contextParameter name="foodInspection_file" prompt="foodInspection_file?" promptNeeded="false" type="id_File" value="C:/Users/prami/Downloads/Food_Facility_Inspections.csv"/>
        <contextParameter name="MSSQL_New_Login" prompt="MSSQL_New_Login?" promptNeeded="false" type="id_String" value="localhost" source="MSSQL_New"/>
        <contextParameter name="MSSQL_New_Server" prompt="MSSQL_New_Server?" promptNeeded="false" type="id_String" value="MUSKAN" source="MSSQL_New"/>
        <contextParameter name="MSSQL_New_Database" prompt="MSSQL_New_Database?" promptNeeded="false" type="id_String" value="food_inspection" source="MSSQL_New"/>
        <contextParameter name="MSSQL_New_Schema" prompt="MSSQL_New_Schema?" promptNeeded="false" type="id_String" value="" source="MSSQL_New"/>
        <contextParameter name="MSSQL_New_Password" prompt="MSSQL_New_Password?" promptNeeded="false" type="id_Password" value="************" source="MSSQL_New"/>
        <contextParameter name="MSSQL_New_Port" prompt="MSSQL_New_Port?" promptNeeded="false" type="id_String" value="1433" source="MSSQL_New"/>
        <contextParameter name="MSSQL_New_AdditionalParams" prompt="MSSQL_New_AdditionalParams?" promptNeeded="false" type="id_String" value="" source="MSSQL_New"/>
        <contextParameter name="MySQL_p_Database" prompt="MySQL_p_Database?" promptNeeded="false" type="id_String" value="food_inspection" source="MySQL_p"/>
        <contextParameter name="MySQL_p_Login" prompt="MySQL_p_Login?" promptNeeded="false" type="id_String" value="root" source="MySQL_p"/>
        <contextParameter name="MySQL_p_AdditionalParams" prompt="MySQL_p_AdditionalParams?" promptNeeded="false" type="id_String" value="noDatetimeStringSync=true&amp;enabledTLSProtocols=TLSv1.2,TLSv1.1,TLSv1" source="MySQL_p"/>
        <contextParameter name="MySQL_p_Server" prompt="MySQL_p_Server?" promptNeeded="false" type="id_String" value="localhost" source="MySQL_p"/>
        <contextParameter name="MySQL_p_Port" prompt="MySQL_p_Port?" promptNeeded="false" type="id_String" value="3306" source="MySQL_p"/>
        <contextParameter name="MySQL_p_Password" prompt="MySQL_p_Password?" promptNeeded="false" type="id_Password" value="***********" source="MySQL_p"/>
        <contextParameter name="MSSQL_p_Port" prompt="MSSQL_p_Port?" promptNeeded="false" type="id_String" value="1433" source="MSSQL_p"/>
        <contextParameter name="MSSQL_p_Schema" prompt="MSSQL_p_Schema?" promptNeeded="false" type="id_String" value="" source="MSSQL_p"/>
        <contextParameter name="MSSQL_p_Database" prompt="MSSQL_p_Database?" promptNeeded="false" type="id_String" value="food_inspection" source="MSSQL_p"/>
        <contextParameter name="MSSQL_p_Password" prompt="MSSQL_p_Password?" promptNeeded="false" type="id_Password" value="***" source="MSSQL_p"/>
        <contextParameter name="MSSQL_p_Server" prompt="MSSQL_p_Server?" promptNeeded="false" type="id_String" value="localhost" source="MSSQL_p"/>
        <contextParameter name="MSSQL_p_Login" prompt="MSSQL_p_Login?" promptNeeded="false" type="id_String" value="localhost" source="MSSQL_p"/>
        <contextParameter name="MSSQL_p_AdditionalParams" prompt="MSSQL_p_AdditionalParams?" promptNeeded="false" type="id_String" value="" source="MSSQL_p"/>
      </context>
    </contextList>
    <jobSetting>
      <extra>
        <jobParameter name="COMP_DEFAULT_FILE_DIR" value=""/>
        <jobParameter name="Multi thread execution" value="false"/>
        <jobParameter name="Implicit tContextLoad" value="false"/>
      </extra>
      <Statslogs>
        <jobParameter name="Use statistics (tStatCatcher)" value="false"/>
        <jobParameter name="Use logs (tLogCatcher)" value="false"/>
        <jobParameter name="Use volumetrics (tFlowMeterCatcher)" value="false"/>
        <jobParameter name="On Console" value="false"/>
        <jobParameter name="On Files" value="false"/>
        <jobParameter name="On Databases" value="false"/>
        <jobParameter name="Catch components statistics" value="false"/>
        <jobParameter name="Catch runtime errors" value="true"/>
        <jobParameter name="Catch user errors" value="true"/>
        <jobParameter name="Catch user warnings" value="true"/>
      </Statslogs>
    </jobSetting>
    <componentList>
      <componentItem name="tAggregateRow_1" link="tAggregateRow_1" type="tAggregateRow" leftTopX="704" leftTopY="160" rightBottomX="736" rightBottomY="192"/>
      <componentItem name="tDBInput_1" link="tDBInput_1" type="tMysqlInput" leftTopX="320" leftTopY="160" rightBottomX="352" rightBottomY="192"/>
      <componentItem name="tDBOutput_1" link="tDBOutput_1" type="tMSSqlOutput" leftTopX="1024" leftTopY="160" rightBottomX="1056" rightBottomY="192"/>
      <componentItem name="tDBOutput_2" link="tDBOutput_2" type="tMysqlOutput" leftTopX="992" leftTopY="288" rightBottomX="1024" rightBottomY="320"/>
      <componentItem name="tMap_1" link="tMap_1" type="tMap" leftTopX="576" leftTopY="160" rightBottomX="608" rightBottomY="192"/>
      <componentItem name="tMap_2" link="tMap_2" type="tMap" leftTopX="832" leftTopY="160" rightBottomX="864" rightBottomY="192"/>
    </componentList>
    <internalNodeComponents>
      <component icon="pictures/tAggregateRow_1.png" uniqueName="tAggregateRow_1" label="__UNIQUE_NAME__">
        <input link="tMap_1">tMap_1</input>
        <output link="tMap_2">tMap_2</output>
        <componentType>tAggregateRow</componentType>
        <parameters>
          <column name="Unique Name" value="tAggregateRow_1"/>
          <column name="Component Name" value="tAggregateRow"/>
          <column name="Version" value="0.102 (ALPHA)"/>
          <column name="Family" value="Processing"/>
          <column name="Startable" value="false"/>
          <column name="SUBTREE_START" value="false"/>
          <column name="END_OF_FLOW" value="false"/>
          <column name="Activate" value="true"/>
          <column name="DUMMY" value="false"/>
          <column name="tStatCatcher Statistics" value="false"/>
          <column name="Help" value="org.talend.help.tAggregateRow"/>
          <column name="Update components" value="true"/>
          <column name="IREPORT_PATH" value=""/>
          <column name="JAVA_LIBRARY_PATH" value="C:\Program Files (x86)\Talend-Studio\studio\configuration\lib\java"/>
          <column name="Subjob color" value=""/>
          <column name="Title color" value=""/>
          <column name="Enable parallel execution" value="false"/>
          <column name="Number of parallel executions" value="2"/>
          <column name="PARALLELIZE_KEEP_EMPTY" value="false"/>
          <column name="REPOSITORY_ALLOW_AUTO_SWITCH" value="true"/>
          <column name="Schema" value="Built-In"/>
          <column name="Group by" value="[{OUTPUT_COLUMN=Name, INPUT_COLUMN=Name}, {OUTPUT_COLUMN=PhoneNumber, INPUT_COLUMN=PhoneNumber}, {OUTPUT_COLUMN=Address, INPUT_COLUMN=Address}, {OUTPUT_COLUMN=City, INPUT_COLUMN=City}, {OUTPUT_COLUMN=State, INPUT_COLUMN=State}, {OUTPUT_COLUMN=Zipcode, INPUT_COLUMN=Zipcode}, {OUTPUT_COLUMN=Latitude, INPUT_COLUMN=Latitude}, {OUTPUT_COLUMN=Longitude, INPUT_COLUMN=Longitude}]"/>
          <column name="Operations" value="[]"/>
          <column name="Delimiter (only for list operation)" value="&quot;,&quot;"/>
          <column name="Use financial precision, this is the max precision for &quot;sum&quot; and &quot;avg&quot; operations, checked option heaps more memory and slower than unchecked." value="true"/>
          <column name="Check type overflow (slower)" value="false"/>
          <column name="Check ULP (Unit in the Last Place), ensure that a value will be incremented or decremented correctly, only for float and double types. (slower)" value="false"/>
          <column name="Label format" value="__UNIQUE_NAME__"/>
          <column name="Hint format" value="&lt;b&gt;__UNIQUE_NAME__&lt;/b&gt;&lt;br&gt;__COMMENT__"/>
          <column name="Connection format" value="row"/>
          <column name="Show Information" value="false"/>
          <column name="Comment" value=""/>
          <column name="Use an existing validation rule" value="false"/>
          <column name="Validation Rule Type" value=""/>
        </parameters>
        <schemas>
          <schema name="aggregate">
            <column name="Name" key="false" type="String" length="100" precision="" nullable="true" comment=""/>
            <column name="PhoneNumber" key="false" type="Long" length="100" precision="" nullable="true" comment=""/>
            <column name="Address" key="false" type="String" length="300" precision="" nullable="true" comment=""/>
            <column name="City" key="false" type="String" length="100" precision="" nullable="true" comment=""/>
            <column name="State" key="false" type="String" length="100" precision="" nullable="true" comment=""/>
            <column name="Zipcode" key="false" type="String" length="30" precision="" nullable="true" comment=""/>
            <column name="Latitude" key="false" type="String" length="100" precision="" nullable="true" comment=""/>
            <column name="Longitude" key="false" type="String" length="100" precision="" nullable="true" comment=""/>
          </schema>
        </schemas>
      </component>
      <component icon="pictures/tDBInput_1.png" uniqueName="tDBInput_1" label="__TABLE__">
        <input>none</input>
        <output link="tMap_1">tMap_1</output>
        <componentType>tMysqlInput</componentType>
        <parameters>
          <column name="Database" value="tMysqlInput"/>
          <column name="Unique Name" value="tDBInput_1"/>
          <column name="Component Name" value="tMysqlInput"/>
          <column name="Version" value="0.102 (ALPHA)"/>
          <column name="Family" value="Databases/DB Specifics/MySQL"/>
          <column name="Start" value="true"/>
          <column name="Startable" value="true"/>
          <column name="SUBTREE_START" value="true"/>
          <column name="END_OF_FLOW" value="false"/>
          <column name="Activate" value="true"/>
          <column name="DUMMY" value="false"/>
          <column name="tStatCatcher Statistics" value="false"/>
          <column name="Help" value="org.talend.help.tMysqlInput"/>
          <column name="Update components" value="true"/>
          <column name="IREPORT_PATH" value=""/>
          <column name="JAVA_LIBRARY_PATH" value="C:\Program Files (x86)\Talend-Studio\studio\configuration\lib\java"/>
          <column name="Subjob color" value=""/>
          <column name="Title color" value=""/>
          <column name="Enable parallel execution" value="false"/>
          <column name="Number of parallel executions" value="2"/>
          <column name="PARALLELIZE_KEEP_EMPTY" value="false"/>
          <column name="Property Type" value="repository: DB (MYSQL):MySQL_p"/>
          <column name="DB Version" value="MYSQL_8"/>
          <column name="Use an existing connection" value="false"/>
          <column name="Component List" value=""/>
          <column name="Host" value="context.MySQL_p_Server"/>
          <column name="Port" value="context.MySQL_p_Port"/>
          <column name="Database" value="context.MySQL_p_Database"/>
          <column name="Database Driver" value="MYSQL"/>
          <column name="Username" value="context.MySQL_p_Login"/>
          <column name="Password" value="context.MySQL_p_Password"/>
          <column name="REPOSITORY_ALLOW_AUTO_SWITCH" value="true"/>
          <column name="Schema" value="Built-In"/>
          <column name="Table Name" value="&quot;stg_food_inspection&quot;"/>
          <column name="Query Type" value="Built-In"/>
          <column name="Guess Schema" value="&quot;&quot;"/>
          <column name="Query" value="&quot;SELECT 
  `stg_food_inspection`.`BusinessId`, 
  `stg_food_inspection`.`Name`, 
  `stg_food_inspection`.`Address`, 
  `stg_food_inspection`.`City`, 
  `stg_food_inspection`.`State`, 
  `stg_food_inspection`.`ZipCode`, 
  `stg_food_inspection`.`PhoneNumber`, 
  `stg_food_inspection`.`InspectionId`, 
  `stg_food_inspection`.`Date`, 
  `stg_food_inspection`.`InspectionType`, 
  `stg_food_inspection`.`ViolationCodes`, 
  `stg_food_inspection`.`ViolationDescriptions`, 
  `stg_food_inspection`.`Location`, 
  `stg_food_inspection`.`DI_CreatedDate`, 
  `stg_food_inspection`.`DI_WorkflowFileName`, 
  `stg_food_inspection`.`DI_Workflow_ProcessID`
FROM `stg_food_inspection`&quot;"/>
          <column name="Specify a data source alias" value="false"/>
          <column name="Data source alias" value="&quot;&quot;"/>
          <column name="Mapping" value="mysql_id"/>
          <column name="Additional JDBC Parameters" value="context.MySQL_p_AdditionalParams"/>
          <column name="Encoding" value="&quot;ISO-8859-15&quot;"/>
          <column name="Enable stream" value="false"/>
          <column name="Trim all the String/Char columns" value="false"/>
          <column name="Trim column" value="[{SCHEMA_COLUMN=BusinessId, TRIM=false}, {SCHEMA_COLUMN=Name, TRIM=false}, {SCHEMA_COLUMN=Address, TRIM=false}, {SCHEMA_COLUMN=City, TRIM=false}, {SCHEMA_COLUMN=State, TRIM=false}, {SCHEMA_COLUMN=ZipCode, TRIM=false}, {SCHEMA_COLUMN=PhoneNumber, TRIM=false}, {SCHEMA_COLUMN=InspectionId, TRIM=false}, {SCHEMA_COLUMN=Date, TRIM=false}, {SCHEMA_COLUMN=InspectionType, TRIM=false}, {SCHEMA_COLUMN=ViolationCodes, TRIM=false}, {SCHEMA_COLUMN=ViolationDescriptions, TRIM=false}, {SCHEMA_COLUMN=Location, TRIM=false}]"/>
          <column name="Label format" value="__TABLE__"/>
          <column name="Hint format" value="&lt;b&gt;__UNIQUE_NAME__&lt;/b&gt;&lt;br&gt;__COMMENT__"/>
          <column name="Connection format" value="row"/>
          <column name="Show Information" value="false"/>
          <column name="Comment" value=""/>
          <column name="Use an existing validation rule" value="false"/>
          <column name="Validation Rule Type" value=""/>
        </parameters>
        <schemas>
          <schema name="stg_food_inspection">
            <column name="BusinessId" key="false" type="String" length="23" precision="" nullable="true" comment=""/>
            <column name="Name" key="false" type="String" length="70" precision="" nullable="true" comment=""/>
            <column name="Address" key="false" type="String" length="32" precision="" nullable="true" comment=""/>
            <column name="City" key="false" type="String" length="17" precision="" nullable="true" comment=""/>
            <column name="State" key="false" type="String" length="2" precision="" nullable="true" comment=""/>
            <column name="ZipCode" key="false" type="String" length="30" precision="" nullable="true" comment=""/>
            <column name="PhoneNumber" key="false" type="Long" length="19" precision="" nullable="true" comment=""/>
            <column name="InspectionId" key="true" type="String" length="9" precision="" nullable="false" comment=""/>
            <column name="Date" key="false" type="java.util.Date" length="19" precision="" nullable="true" comment=""/>
            <column name="InspectionType" key="false" type="String" length="12" precision="" nullable="true" comment=""/>
            <column name="ViolationCodes" key="false" type="String" length="109" precision="" nullable="true" comment=""/>
            <column name="ViolationDescriptions" key="false" type="String" length="1500" precision="" nullable="true" comment=""/>
            <column name="Location" key="false" type="String" length="86" precision="" nullable="true" comment=""/>
          </schema>
        </schemas>
      </component>
      <component icon="pictures/tDBOutput_1.png" uniqueName="tDBOutput_1" label="MSSQL_p">
        <input link="tMap_2">tMap_2</input>
        <output>none</output>
        <componentType>tMSSqlOutput</componentType>
        <parameters>
          <column name="Database" value="tMSSqlOutput"/>
          <column name="Unique Name" value="tDBOutput_1"/>
          <column name="Component Name" value="tMSSqlOutput"/>
          <column name="Version" value="0.102 (ALPHA)"/>
          <column name="Family" value="Databases/DB Specifics/MS_SQL_Server"/>
          <column name="Startable" value="false"/>
          <column name="SUBTREE_START" value="false"/>
          <column name="END_OF_FLOW" value="true"/>
          <column name="Activate" value="true"/>
          <column name="DUMMY" value="false"/>
          <column name="tStatCatcher Statistics" value="false"/>
          <column name="Help" value="org.talend.help.tMSSqlOutput"/>
          <column name="Update components" value="true"/>
          <column name="IREPORT_PATH" value=""/>
          <column name="JAVA_LIBRARY_PATH" value="C:\Program Files (x86)\Talend-Studio\studio\configuration\lib\java"/>
          <column name="Subjob color" value=""/>
          <column name="Title color" value=""/>
          <column name="Enable parallel execution" value="false"/>
          <column name="Number of parallel executions" value="2"/>
          <column name="PARALLELIZE_KEEP_EMPTY" value="false"/>
          <column name="Property Type" value="repository: DB (MSSQL):MSSQL_p"/>
          <column name="Use an existing connection" value="false"/>
          <column name="Component List" value=""/>
          <column name="JDBC Provider" value="JTDS"/>
          <column name="Host" value="context.MSSQL_p_Server"/>
          <column name="Port" value="context.MSSQL_p_Port"/>
          <column name="Schema" value="context.MSSQL_p_Schema"/>
          <column name="Database" value="context.MSSQL_p_Database"/>
          <column name="Database Driver" value="MSSQL"/>
          <column name="Username" value="context.MSSQL_p_Login"/>
          <column name="Password" value="context.MSSQL_p_Password"/>
          <column name="Table" value="&quot;Dim_Restaurant&quot;"/>
          <column name="Action on table" value="DROP_IF_EXISTS_AND_CREATE"/>
          <column name="Turn on identity insert" value="false"/>
          <column name="Action on data" value="INSERT"/>
          <column name="Specify identity field" value="false"/>
          <column name="Identity field" value="RestaurantSK"/>
          <column name="Start value" value="1"/>
          <column name="Step" value="1"/>
          <column name="REPOSITORY_ALLOW_AUTO_SWITCH" value="true"/>
          <column name="Schema" value="Built-In"/>
          <column name="Reject Schema" value="Built-In"/>
          <column name="Specify a data source alias" value="false"/>
          <column name="Data source alias" value="&quot;&quot;"/>
          <column name="Die on error" value="false"/>
          <column name="Mapping" value="id_MSSQL"/>
          <column name="Additional JDBC Parameters" value="context.MSSQL_p_AdditionalParams"/>
          <column name="Authenticate using Azure Active Directory" value="false"/>
          <column name="Use alternate schema" value="false"/>
          <column name="Schema" value="&quot;&quot;"/>
          <column name="Encoding" value="&quot;ISO-8859-15&quot;"/>
          <column name="Commit every" value="10000"/>
          <column name="Additional columns" value="[]"/>
          <column name="Use field options" value="false"/>
          <column name="Field options" value="[{SCHEMA_COLUMN=RestaurantSK, UPDATE_KEY=false, DELETE_KEY=false, UPDATABLE=true, INSERTABLE=true}, {SCHEMA_COLUMN=Name, UPDATE_KEY=false, DELETE_KEY=false, UPDATABLE=true, INSERTABLE=true}, {SCHEMA_COLUMN=PhoneNumber, UPDATE_KEY=false, DELETE_KEY=false, UPDATABLE=true, INSERTABLE=true}, {SCHEMA_COLUMN=Address, UPDATE_KEY=false, DELETE_KEY=false, UPDATABLE=true, INSERTABLE=true}, {SCHEMA_COLUMN=City, UPDATE_KEY=false, DELETE_KEY=false, UPDATABLE=true, INSERTABLE=true}, {SCHEMA_COLUMN=State, UPDATE_KEY=false, DELETE_KEY=false, UPDATABLE=true, INSERTABLE=true}, {SCHEMA_COLUMN=Zipcode, UPDATE_KEY=false, DELETE_KEY=false, UPDATABLE=true, INSERTABLE=true}, {SCHEMA_COLUMN=Latitude, UPDATE_KEY=false, DELETE_KEY=false, UPDATABLE=true, INSERTABLE=true}, {SCHEMA_COLUMN=Longitude, UPDATE_KEY=false, DELETE_KEY=false, UPDATABLE=true, INSERTABLE=true}, {SCHEMA_COLUMN=DI_CreatedDate, UPDATE_KEY=false, DELETE_KEY=false, UPDATABLE=true, INSERTABLE=true}, {SCHEMA_COLUMN=DI_WorkflowFileName, UPDATE_KEY=false, DELETE_KEY=false, UPDATABLE=true, INSERTABLE=true}, {SCHEMA_COLUMN=DI_Workflow_ProcessID, UPDATE_KEY=false, DELETE_KEY=false, UPDATABLE=true, INSERTABLE=true}]"/>
          <column name="Ignore date out of range" value="false"/>
          <column name="Debug query mode" value="false"/>
          <column name="Support null in &quot;SQL WHERE&quot; statement" value="false"/>
          <column name="Use Batch Size" value="true"/>
          <column name="Batch Size" value="10000"/>
          <column name="Set Query Timeout" value="false"/>
          <column name="Timeout (seconds)" value="30"/>
          <column name="Label format" value="MSSQL_p"/>
          <column name="Hint format" value="&lt;b&gt;__UNIQUE_NAME__&lt;/b&gt;&lt;br&gt;__COMMENT__"/>
          <column name="Connection format" value="row"/>
          <column name="Show Information" value="false"/>
          <column name="Comment" value=""/>
          <column name="Use an existing validation rule" value="false"/>
          <column name="Validation Rule Type" value=""/>
        </parameters>
        <schemas>
          <schema name="tDBOutput_1">
            <column name="RestaurantSK" key="true" type="Integer" length="100" precision="" nullable="true" comment=""/>
            <column name="Name" key="false" type="String" length="100" precision="" nullable="true" comment=""/>
            <column name="PhoneNumber" key="false" type="Long" length="100" precision="" nullable="true" comment=""/>
            <column name="Address" key="false" type="String" length="300" precision="" nullable="true" comment=""/>
            <column name="City" key="false" type="String" length="100" precision="" nullable="true" comment=""/>
            <column name="State" key="false" type="String" length="100" precision="" nullable="true" comment=""/>
            <column name="Zipcode" key="false" type="String" length="30" precision="" nullable="true" comment=""/>
            <column name="Latitude" key="false" type="String" length="100" precision="" nullable="true" comment=""/>
            <column name="Longitude" key="false" type="String" length="100" precision="" nullable="true" comment=""/>
            <column name="DI_CreatedDate" key="false" type="java.util.Date" length="100" precision="" nullable="true" comment=""/>
            <column name="DI_WorkflowFileName" key="false" type="String" length="100" precision="" nullable="true" comment=""/>
            <column name="DI_Workflow_ProcessID" key="false" type="String" length="100" precision="" nullable="true" comment=""/>
          </schema>
        </schemas>
      </component>
      <component icon="pictures/tDBOutput_2.png" uniqueName="tDBOutput_2" label="MySQL_p">
        <input link="tMap_2">tMap_2</input>
        <output>none</output>
        <componentType>tMysqlOutput</componentType>
        <parameters>
          <column name="Database" value="tMysqlOutput"/>
          <column name="Unique Name" value="tDBOutput_2"/>
          <column name="Component Name" value="tMysqlOutput"/>
          <column name="Version" value="0.102 (ALPHA)"/>
          <column name="Family" value="Databases/DB Specifics/MySQL"/>
          <column name="Startable" value="false"/>
          <column name="SUBTREE_START" value="false"/>
          <column name="END_OF_FLOW" value="true"/>
          <column name="Activate" value="true"/>
          <column name="DUMMY" value="false"/>
          <column name="tStatCatcher Statistics" value="false"/>
          <column name="Help" value="org.talend.help.tMysqlOutput"/>
          <column name="Update components" value="true"/>
          <column name="IREPORT_PATH" value=""/>
          <column name="JAVA_LIBRARY_PATH" value="C:\Program Files (x86)\Talend-Studio\studio\configuration\lib\java"/>
          <column name="Subjob color" value=""/>
          <column name="Title color" value=""/>
          <column name="Enable parallel execution" value="false"/>
          <column name="Number of parallel executions" value="2"/>
          <column name="PARALLELIZE_KEEP_EMPTY" value="false"/>
          <column name="Property Type" value="repository: DB (MYSQL):MySQL_p"/>
          <column name="DB Version" value="MYSQL_8"/>
          <column name="Use an existing connection" value="false"/>
          <column name="Component List" value=""/>
          <column name="Database Driver" value="MYSQL"/>
          <column name="Host" value="context.MySQL_p_Server"/>
          <column name="Port" value="context.MySQL_p_Port"/>
          <column name="Database" value="context.MySQL_p_Database"/>
          <column name="Username" value="context.MySQL_p_Login"/>
          <column name="Password" value="context.MySQL_p_Password"/>
          <column name="Table" value="&quot;DIM_Restaurant&quot;"/>
          <column name="Action on table" value="DROP_IF_EXISTS_AND_CREATE"/>
          <column name="Action on data" value="INSERT_OR_UPDATE"/>
          <column name="REPOSITORY_ALLOW_AUTO_SWITCH" value="true"/>
          <column name="Schema" value="Built-In"/>
          <column name="Reject Schema" value="Built-In"/>
          <column name="Specify a data source alias" value="false"/>
          <column name="Data source alias" value="&quot;&quot;"/>
          <column name="Die on error" value="false"/>
          <column name="Mapping" value="mysql_id"/>
          <column name="Additional JDBC Parameters" value="context.MySQL_p_AdditionalParams"/>
          <column name="Extend Insert" value="true"/>
          <column name="Number of rows per insert" value="100"/>
          <column name="Use Batch Size" value="true"/>
          <column name="Batch Size" value="10000"/>
          <column name="Encoding" value="&quot;ISO-8859-15&quot;"/>
          <column name="Commit every" value="10000"/>
          <column name="Additional columns" value="[]"/>
          <column name="Use field options" value="false"/>
          <column name="Field options" value="[{SCHEMA_COLUMN=RestaurantSK, UPDATE_KEY=false, DELETE_KEY=false, UPDATABLE=true, INSERTABLE=true}, {SCHEMA_COLUMN=Name, UPDATE_KEY=false, DELETE_KEY=false, UPDATABLE=true, INSERTABLE=true}, {SCHEMA_COLUMN=PhoneNumber, UPDATE_KEY=false, DELETE_KEY=false, UPDATABLE=true, INSERTABLE=true}, {SCHEMA_COLUMN=Address, UPDATE_KEY=false, DELETE_KEY=false, UPDATABLE=true, INSERTABLE=true}, {SCHEMA_COLUMN=City, UPDATE_KEY=false, DELETE_KEY=false, UPDATABLE=true, INSERTABLE=true}, {SCHEMA_COLUMN=State, UPDATE_KEY=false, DELETE_KEY=false, UPDATABLE=true, INSERTABLE=true}, {SCHEMA_COLUMN=Zipcode, UPDATE_KEY=false, DELETE_KEY=false, UPDATABLE=true, INSERTABLE=true}, {SCHEMA_COLUMN=Latitude, UPDATE_KEY=false, DELETE_KEY=false, UPDATABLE=true, INSERTABLE=true}, {SCHEMA_COLUMN=Longitude, UPDATE_KEY=false, DELETE_KEY=false, UPDATABLE=true, INSERTABLE=true}, {SCHEMA_COLUMN=DI_CreatedDate, UPDATE_KEY=false, DELETE_KEY=false, UPDATABLE=true, INSERTABLE=true}, {SCHEMA_COLUMN=DI_WorkflowFileName, UPDATE_KEY=false, DELETE_KEY=false, UPDATABLE=true, INSERTABLE=true}, {SCHEMA_COLUMN=DI_Workflow_ProcessID, UPDATE_KEY=false, DELETE_KEY=false, UPDATABLE=true, INSERTABLE=true}]"/>
          <column name="Use Hint Options" value="false"/>
          <column name="Hint Options" value="[]"/>
          <column name="Debug query mode" value="false"/>
          <column name="Use duplicate key update mode insert" value="false"/>
          <column name="DUPLICATED_KEYS" value="[]"/>
          <column name="Support null in &quot;SQL WHERE&quot; statement" value="false"/>
          <column name="Label format" value="MySQL_p"/>
          <column name="Hint format" value="&lt;b&gt;__UNIQUE_NAME__&lt;/b&gt;&lt;br&gt;__COMMENT__"/>
          <column name="Connection format" value="row"/>
          <column name="Show Information" value="false"/>
          <column name="Comment" value=""/>
          <column name="Use an existing validation rule" value="false"/>
          <column name="Validation Rule Type" value=""/>
        </parameters>
        <schemas>
          <schema name="tDBOutput_2">
            <column name="RestaurantSK" key="true" type="Integer" length="100" precision="" nullable="true" comment=""/>
            <column name="Name" key="false" type="String" length="100" precision="" nullable="true" comment=""/>
            <column name="PhoneNumber" key="false" type="Long" length="100" precision="" nullable="true" comment=""/>
            <column name="Address" key="false" type="String" length="300" precision="" nullable="true" comment=""/>
            <column name="City" key="false" type="String" length="100" precision="" nullable="true" comment=""/>
            <column name="State" key="false" type="String" length="100" precision="" nullable="true" comment=""/>
            <column name="Zipcode" key="false" type="String" length="30" precision="" nullable="true" comment=""/>
            <column name="Latitude" key="false" type="String" length="100" precision="" nullable="true" comment=""/>
            <column name="Longitude" key="false" type="String" length="100" precision="" nullable="true" comment=""/>
            <column name="DI_CreatedDate" key="false" type="java.util.Date" length="100" precision="" nullable="true" comment=""/>
            <column name="DI_WorkflowFileName" key="false" type="String" length="100" precision="" nullable="true" comment=""/>
            <column name="DI_Workflow_ProcessID" key="false" type="String" length="100" precision="" nullable="true" comment=""/>
          </schema>
        </schemas>
      </component>
    </internalNodeComponents>
    <externalNodeComponents>
      <component icon="pictures/tMap_1.png" uniqueName="tMap_1" label="__UNIQUE_NAME__" preview="pictures/external_preview_tMap_1.png">
        <input link="tDBInput_1">tDBInput_1</input>
        <output link="tAggregateRow_1">tAggregateRow_1</output>
        <componentType>tMap</componentType>
        <!--tMap_1-->
      </component>
      <component icon="pictures/tMap_2.png" uniqueName="tMap_2" label="__UNIQUE_NAME__" preview="pictures/external_preview_tMap_2.png">
        <input link="tAggregateRow_1">tAggregateRow_1</input>
        <output link="tDBOutput_1">tDBOutput_1</output>
        <output link="tDBOutput_2">tDBOutput_2</output>
        <componentType>tMap</componentType>
        <!--tMap_2-->
      </component>
    </externalNodeComponents>
    <connections>
      <connection label="row1" lineStyle="0" metaname="tDBInput_1" offsetLabelX="0" offsetLabelY="0" source="tDBInput_1" target="tMap_1"/>
      <connection label="aggregate" lineStyle="0" metaname="aggregate" offsetLabelX="0" offsetLabelY="0" source="tMap_1" target="tAggregateRow_1"/>
      <connection label="row2" lineStyle="0" metaname="tAggregateRow_1" offsetLabelX="0" offsetLabelY="0" source="tAggregateRow_1" target="tMap_2"/>
      <connection label="out1" lineStyle="0" metaname="out1" offsetLabelX="0" offsetLabelY="0" source="tMap_2" target="tDBOutput_1"/>
      <connection label="out2" lineStyle="0" metaname="out2" offsetLabelX="0" offsetLabelY="0" source="tMap_2" target="tDBOutput_2"/>
    </connections>
  </job>
</project>
